CREATE DATABASE  IF NOT EXISTS `finalproject2023` /*!40100 DEFAULT CHARACTER SET utf8mb4 COLLATE utf8mb4_0900_ai_ci */ /*!80016 DEFAULT ENCRYPTION='N' */;
USE `finalproject2023`;
-- MySQL dump 10.13  Distrib 8.0.31, for Win64 (x86_64)
--
-- Host: 127.0.0.1    Database: finalproject2023
-- ------------------------------------------------------
-- Server version	8.0.31

/*!40101 SET @OLD_CHARACTER_SET_CLIENT=@@CHARACTER_SET_CLIENT */;
/*!40101 SET @OLD_CHARACTER_SET_RESULTS=@@CHARACTER_SET_RESULTS */;
/*!40101 SET @OLD_COLLATION_CONNECTION=@@COLLATION_CONNECTION */;
/*!50503 SET NAMES utf8 */;
/*!40103 SET @OLD_TIME_ZONE=@@TIME_ZONE */;
/*!40103 SET TIME_ZONE='+00:00' */;
/*!40014 SET @OLD_UNIQUE_CHECKS=@@UNIQUE_CHECKS, UNIQUE_CHECKS=0 */;
/*!40014 SET @OLD_FOREIGN_KEY_CHECKS=@@FOREIGN_KEY_CHECKS, FOREIGN_KEY_CHECKS=0 */;
/*!40101 SET @OLD_SQL_MODE=@@SQL_MODE, SQL_MODE='NO_AUTO_VALUE_ON_ZERO' */;
/*!40111 SET @OLD_SQL_NOTES=@@SQL_NOTES, SQL_NOTES=0 */;

--
-- Table structure for table `attendance`
--

DROP TABLE IF EXISTS `attendance`;
/*!40101 SET @saved_cs_client     = @@character_set_client */;
/*!50503 SET character_set_client = utf8mb4 */;
CREATE TABLE `attendance` (
  `ID` int NOT NULL,
  `CustID` int NOT NULL,
  `Id_Training` int NOT NULL,
  PRIMARY KEY (`ID`),
  KEY `CustID` (`CustID`),
  KEY `Id_Training` (`Id_Training`),
  CONSTRAINT `attendance_ibfk_1` FOREIGN KEY (`CustID`) REFERENCES `customers` (`CustID`),
  CONSTRAINT `attendance_ibfk_2` FOREIGN KEY (`Id_Training`) REFERENCES `training` (`Id_Training`)
) ENGINE=InnoDB DEFAULT CHARSET=utf8mb4 COLLATE=utf8mb4_0900_ai_ci;
/*!40101 SET character_set_client = @saved_cs_client */;

--
-- Dumping data for table `attendance`
--

LOCK TABLES `attendance` WRITE;
/*!40000 ALTER TABLE `attendance` DISABLE KEYS */;
INSERT INTO `attendance` VALUES (1,322,8),(2,142,21),(3,153,19),(4,234,15),(5,260,14),(6,299,11),(7,162,22),(8,99,24),(9,389,20),(10,193,20),(11,387,10),(12,5,11),(13,75,10),(14,277,6),(15,182,23),(16,262,24),(17,254,12),(18,157,14),(19,114,7),(20,326,1),(21,258,14),(22,168,18),(23,31,4),(24,385,5),(25,324,19),(26,100,23),(27,331,20),(28,176,18),(29,400,5),(30,71,20),(31,61,3),(32,355,16),(33,90,8),(34,89,8),(35,106,23),(36,363,24),(37,315,12),(38,386,11),(39,309,7),(40,171,2),(41,64,22),(42,231,23),(43,20,16),(44,88,21),(45,224,16),(46,278,4),(47,46,9),(48,97,16),(49,236,20),(50,66,1),(51,266,2),(52,85,20),(53,368,11),(54,281,2),(55,45,6),(56,155,19),(57,191,1),(58,332,14),(59,279,16),(60,259,12),(61,396,18),(62,40,13),(63,125,8),(64,33,4),(65,225,8),(66,283,7),(67,73,22),(68,358,20),(69,122,9),(70,230,24),(71,57,11),(72,319,25),(73,92,22),(74,210,18),(75,84,20),(76,67,11),(77,14,16),(78,179,4),(79,130,24),(80,188,10),(81,289,3),(82,391,9),(83,198,25),(84,23,10),(85,2,21),(86,257,9),(87,360,3),(88,15,13),(89,22,9),(90,246,15),(91,165,18),(92,78,16),(93,334,10),(94,62,23),(95,112,4),(96,77,23),(97,60,5),(98,375,1),(99,253,9),(100,322,8),(101,142,21),(102,153,19),(103,234,15),(104,260,14),(105,299,11),(106,162,22),(107,99,24),(108,389,20),(109,193,20),(110,387,10),(111,5,11),(112,75,10),(113,277,6),(114,182,23),(115,262,24),(116,254,12),(117,157,14),(118,114,7),(119,326,1),(120,258,14),(121,168,18),(122,31,4),(123,385,5),(124,324,19),(125,100,23),(126,331,20),(127,176,18),(128,400,5),(129,71,20),(130,299,11),(131,162,22),(132,99,24),(133,389,20),(134,193,20),(135,387,10),(136,5,11),(137,75,10),(138,277,6),(139,182,23),(140,262,24),(141,254,12),(142,157,14),(143,114,7),(144,326,1),(145,258,14),(146,168,18),(147,31,4),(148,385,5),(149,324,19),(150,100,23),(151,331,20),(152,176,18),(153,400,5),(154,71,20),(155,258,14),(156,168,18),(157,31,4),(158,385,5),(159,324,19),(160,100,23),(161,331,20),(162,176,18),(163,400,5),(164,71,20),(165,322,8),(166,142,21),(167,153,19),(168,234,15),(169,260,14),(170,299,11),(171,162,22),(172,99,24),(173,389,20),(174,193,20),(175,387,10),(176,5,11),(177,75,10),(178,277,6),(179,182,23),(180,262,24),(181,254,12),(182,254,12),(183,157,14),(184,114,7),(185,326,1),(186,258,14),(187,168,18),(188,31,4),(189,385,5),(190,324,19),(191,100,23),(192,331,20),(193,176,18),(194,400,5),(195,71,20),(196,299,11),(197,162,22),(198,99,24),(199,389,20),(200,193,20);
/*!40000 ALTER TABLE `attendance` ENABLE KEYS */;
UNLOCK TABLES;

--
-- Table structure for table `courts`
--

DROP TABLE IF EXISTS `courts`;
/*!40101 SET @saved_cs_client     = @@character_set_client */;
/*!50503 SET character_set_client = utf8mb4 */;
CREATE TABLE `courts` (
  `CourtID` int NOT NULL AUTO_INCREMENT,
  `Type_Court` int NOT NULL,
  PRIMARY KEY (`CourtID`),
  KEY `Type_Court` (`Type_Court`),
  CONSTRAINT `courts_ibfk_1` FOREIGN KEY (`Type_Court`) REFERENCES `type_of_court` (`ID`)
) ENGINE=InnoDB AUTO_INCREMENT=21 DEFAULT CHARSET=utf8mb4 COLLATE=utf8mb4_0900_ai_ci;
/*!40101 SET character_set_client = @saved_cs_client */;

--
-- Dumping data for table `courts`
--

LOCK TABLES `courts` WRITE;
/*!40000 ALTER TABLE `courts` DISABLE KEYS */;
INSERT INTO `courts` VALUES (1,1),(2,1),(3,1),(4,1),(5,1),(6,1),(7,1),(8,1),(9,1),(10,1),(11,2),(12,2),(13,2),(14,2),(15,2),(16,3),(17,3),(18,3),(19,3),(20,3);
/*!40000 ALTER TABLE `courts` ENABLE KEYS */;
UNLOCK TABLES;

--
-- Table structure for table `customers`
--

DROP TABLE IF EXISTS `customers`;
/*!40101 SET @saved_cs_client     = @@character_set_client */;
/*!50503 SET character_set_client = utf8mb4 */;
CREATE TABLE `customers` (
  `CustID` int NOT NULL AUTO_INCREMENT,
  `First_Name` varchar(50) NOT NULL,
  `Last_Name` varchar(50) NOT NULL,
  `Gender` varchar(10) NOT NULL,
  `Tz` int NOT NULL,
  `Phone_Number` varchar(20) NOT NULL,
  `City` varchar(50) NOT NULL,
  `Date_Of_Birth` date NOT NULL,
  PRIMARY KEY (`CustID`),
  UNIQUE KEY `Tz` (`Tz`)
) ENGINE=InnoDB AUTO_INCREMENT=411 DEFAULT CHARSET=utf8mb4 COLLATE=utf8mb4_0900_ai_ci;
/*!40101 SET character_set_client = @saved_cs_client */;

--
-- Dumping data for table `customers`
--

LOCK TABLES `customers` WRITE;
/*!40000 ALTER TABLE `customers` DISABLE KEYS */;
INSERT INTO `customers` VALUES (1,'Adi','Alon','Male',365845033,'+972 55-309-1309','Tel Aviv Yafo','2008-07-12'),(2,'Adina','Aviram','Male',367988534,'+972 55-012-9716','Rishon Leziyyon','2006-04-10'),(3,'Adir','Binyamin','Female',324155887,'+972 53-577-6404','Petah Tiqwa','2005-09-01'),(4,'Adriel','Cohen','Male',338225852,'+972 55-196-2104','Bet Shearim','2008-07-02'),(5,'Aharon','Eliyahu','Female',353739981,'+972 55-012-2604','Dor','2009-05-31'),(6,'Akiva','Baruch','Male',363788125,'+972 55-013-5190','Givatayim','2011-01-02'),(7,'Alon','Danon','Female',399522365,'+972 55-012-2906','En Gedi','2007-02-26'),(8,'Amit','Gilad','Male',321029601,'+972 55-288-1348','Arad','2005-04-26'),(9,'Amitai','Fridman','Male',398898144,'+972 55-171-5823','Meron','2005-06-01'),(10,'Amnon','Harel','Female',345762791,'+972 54-760-8355','Nazareth','2012-03-22'),(11,'Anat','Itzhaki','Female',380424215,'+972 54-925-2645','Akko','2010-01-26'),(12,'Anav','Katzir','Female',382729054,'+972 55-679-0175','Dor','2012-03-20'),(13,'Ari','Levy','Male',315828830,'+972 54-291-7686','Jerusalem','2008-09-24'),(14,'Ariel','Mizrachi','Female',375585548,'+972 56-568-8346','Dimona','2006-09-22'),(15,'Arnon','Nachmani','Female',348931955,'+972 55-011-8866','Tel Aviv Yafo','2012-01-29'),(16,'Asaf','Oren','Female',332226235,'+972 59-282-3486','Bet Shean','2011-09-22'),(17,'Asher','Perlman','Male',397684582,'+972 51-954-6285','En Gedi','2007-05-17'),(18,'Aviv','Rosen','Female',341699737,'+972 55-010-4167','Givatayim','2011-06-04'),(19,'Avner','Shani','Male',336531994,'+972 55-015-6168','Lod','2010-02-25'),(20,'Avraham','Avitan','Female',326025741,'+972 55-173-3069','Givatayim','2010-09-19'),(21,'Avrahami','Ben-Shabat','Female',362003951,'+972 55-176-4592','Ashqelon','2011-07-10'),(22,'Aviad','Biton','Male',387113834,'+972 51-865-5982','Dor','2008-07-23'),(23,'Aviel','Carmel','Female',392164858,'+972 59-853-0683','Herzliyya','2009-05-22'),(24,'Avigdor','Dagan','Male',379194077,'+972 55-670-2787','Karmiel','2009-09-30'),(25,'Avinoam','Elbaz','Female',332450084,'+972 59-357-1454','Nahariyya','2009-12-15'),(26,'Aviv','Gadiel','Female',320697471,'+972 56-006-2017','Arad','2009-10-02'),(27,'Avner','Hersh','Male',300851171,'+972 54-189-7360','Bet Shean','2012-03-19'),(28,'Aviad','Itzhak','Female',385310289,'+972 55-324-0600','Hadera','2009-11-14'),(29,'Aviad','Kadosh','Male',344609791,'+972 55-010-2321','Afula','2011-06-03'),(30,'Ben','Alon','Male',339531406,'+972 55-287-1089','Netanya','2006-09-28'),(31,'Boaz','Cohen','Female',390767085,'+972 55-726-4046','Bet Shearim','2012-04-19'),(32,'Carmel','Davidson','Male',331992862,'+972 53-645-1551','Akko','2008-03-22'),(33,'Dafna','Erez','Male',312345614,'+972 55-196-7055','Hadera','2005-01-13'),(34,'Daniel','Feldman','Male',368698500,'+972 55-014-9907','Ashdod','2010-06-16'),(35,'Daniella','Golan','Male',389972269,'+972 55-011-3419','Lod','2012-11-16'),(36,'David','Hershkovitz','Male',379434357,'+972 55-439-1246','Caesarea','2006-01-14'),(37,'Devorah','Itzkowitz','Male',357178759,'+972 55-257-2860','Nazareth','2008-11-19'),(38,'Doron','Jacob','Female',320715518,'+972 55-016-4472','Holon','2006-02-27'),(39,'Dror','Karmi','Male',361604335,'+972 54-986-4131','Rehovot','2006-02-04'),(40,'Eden','Levi','Female',347995376,'+972 50-205-4860','Bet Shearim','2012-12-13'),(41,'Efraim','Marcus','Male',329350460,'+972 55-171-0915','Kefar Sava','2005-04-07'),(42,'Einav','Naftali','Female',373605345,'+972 59-680-9591','Givatayim','2007-03-27'),(43,'Eitan','Ovadia','Male',344306654,'+972 59-895-2916','Kefar Sava','2011-04-28'),(44,'Eli','Peretz','Female',336435084,'+972 59-411-9353','Ashdod','2012-10-30'),(45,'Eliezer','Raphael','Male',355007991,'+972 55-170-5296','Jerusalem','2010-09-18'),(46,'Eliran','Sabag','Male',369095667,'+972 52-650-6316','Arad','2008-07-10'),(47,'Elisheva','Tal','Female',345398605,'+972 55-010-3686','Haifa','2011-02-04'),(48,'Elroi','Uzan','Male',326359941,'+972 55-292-9522','Petah Tiqwa','2010-07-27'),(49,'Eran','Vardi','Male',394702904,'+972 55-444-2775','Petah Tiqwa','2008-10-30'),(50,'Esther','Weitzman','Female',383761764,'+972 51-595-6830','Rishon Leziyyon','2010-04-25'),(51,'Etai','Yehuda','Male',342025111,'+972 55-194-5437','Karmiel','2007-03-13'),(52,'Gad','Zohar','Male',384467781,'+972 56-100-4036','Lod','2008-08-27'),(53,'Gal','Adir','Male',396524689,'+972 55-013-9071','Sedom','2006-06-03'),(54,'Gavriel','Bar-On','Female',357990476,'+972 59-985-4442','Netanya','2008-10-25'),(55,'Gidon','Carmi','Male',342678835,'+972 55-012-5108','Beersheba','2005-06-09'),(56,'Gil','Doron','Female',309730255,'+972 55-175-9483','Netanya','2005-03-19'),(57,'Gila','Elbaz','Male',388806759,'+972 55-016-2081','Ashqelon','2010-11-21'),(58,'Gilad','Friedman','Male',336643799,'+972 55-018-4286','Tel Aviv Yafo','2008-10-12'),(59,'Gilat','Gabai','Male',389556243,'+972 55-177-0460','Arad','2005-03-10'),(60,'Gilead','Haim','Female',318400845,'+972 55-686-5705','En Gedi','2005-05-20'),(61,'Gilia','Itzhaki','Male',333366591,'+972 55-015-4205','Bet Shean','2011-11-15'),(62,'Gilor','Karmon','Female',309276253,'+972 55-019-6829','Rishon Leziyyon','2012-01-29'),(63,'Hadas','Lavi','Male',394783099,'+972 54-220-7840','Holon','2008-02-14'),(64,'Hadar','Mazor','Female',325649928,'+972 58-454-8769','Hadera','2006-11-14'),(65,'Hagar','Nadav','Male',341996535,'+972 55-176-1188','Ashqelon','2007-03-13'),(66,'Haim','Ozeri','Male',319685884,'+972 55-013-9151','Akko','2005-04-23'),(67,'Hana','Paz','Female',383753048,'+972 54-210-6840','Rishon Leziyyon','2012-06-16'),(68,'Hanan','Rafaeli','Male',311922772,'+972 55-320-1288','Jerusalem','2009-01-02'),(69,'Hani','Sasson','Male',331227091,'+972 51-497-2297','Meron','2009-06-24'),(70,'Hanoch','Talmor','Female',366107008,'+972 55-194-7934','Jerusalem','2008-08-03'),(71,'Harel','Vaknin','Male',374955591,'+972 59-761-3941','Ramla','2008-12-20'),(72,'Hava','Yarden','Female',387917474,'+972 55-171-3854','Jerusalem','2006-10-14'),(73,'Hazan','Zohar','Male',390430762,'+972 55-240-8434','Bet Shean','2007-04-24'),(74,'Hedva','Aaron','Female',377838868,'+972 54-728-7615','Dimona','2009-12-25'),(75,'Hila','Barak','Female',337178118,'+972 55-190-3395','Beersheba','2012-06-04'),(76,'Hila','Cohen','Female',325427102,'+972 51-905-4909','Ashqelon','2008-07-02'),(77,'Hilla','Doron','Male',343096368,'+972 51-291-9499','Dor','2011-07-12'),(78,'Hodaya','Eitan','Female',347143672,'+972 58-705-6457','Caesarea','2007-12-30'),(79,'Hodaya','Finkelstein','Male',341907798,'+972 55-174-7484','Sedom','2010-12-06'),(80,'Idan','Gabay','Female',372212257,'+972 55-172-3894','Rehovot','2005-12-11'),(81,'Ilai','Glick','Male',307203070,'+972 55-448-6236','Akko','2009-09-09'),(82,'Ilana','Hersh','Female',356362226,'+972 55-327-7534','Qiryat Shemona','2011-08-03'),(83,'Ilanit','Itzhak','Female',341675225,'+972 55-176-4019','Lod','2010-12-14'),(84,'Ilay','Kadosh','Female',313229520,'+972 55-012-2135','Dimona','2006-01-21'),(85,'Ilia','Langer','Female',384511991,'+972 54-307-2564','Herzliyya','2012-01-02'),(86,'Ilona','Moshe','Male',308023795,'+972 55-196-7034','Petah Tiqwa','2010-04-11'),(87,'Inbar','Nissan','Male',300288622,'+972 55-294-4232','Dor','2011-05-09'),(88,'Inbal','Peled','Male',351039249,'+972 55-175-5952','Rishon Leziyyon','2010-03-21'),(89,'Inna','Rachamim','Male',339593444,'+972 54-985-3664','Arad','2011-02-09'),(90,'Ira','Sagi','Male',347800059,'+972 55-018-2827','Bet Shearim','2008-04-07'),(91,'Iris','Tal','Male',398864247,'+972 54-439-6850','Nahariyya','2007-01-01'),(92,'Irith','Yaniv','Male',374856679,'+972 54-103-1920','Holon','2005-02-05'),(93,'Itai','Zada','Male',363216921,'+972 55-291-8074','Nazareth','2009-11-01'),(94,'Itamar','Amar','Male',377629921,'+972 59-550-8703','Dor','2006-10-18'),(95,'Itay','Azulay','Female',372166191,'+972 59-875-7538','Akko','2012-03-28'),(96,'Itay','Ben-Simon','Male',398225207,'+972 55-195-0758','Bet Shean','2008-12-21'),(97,'Itzhak','Ben-David','Male',349949327,'+972 59-311-0065','Petah Tiqwa','2007-10-24'),(98,'Iyar','Bitton','Male',333501572,'+972 55-241-3845','Akko','2010-12-03'),(99,'Iyar','Cohen','Male',378312010,'+972 52-339-4664','Holon','2005-11-04'),(100,'Izhar','Dror','Female',329915560,'+972 55-010-3982','Givatayim','2005-08-18'),(101,'Izi','Eliyahu','Female',360653124,'+972 55-221-5260','Herzliyya','2006-07-05'),(102,'Jacob','Fridman','Female',303955954,'+972 55-178-8763','Bet Shearim','2005-12-23'),(103,'Jacqueline','Gav','Male',394971334,'+972 55-230-8865','Nahariyya','2009-09-21'),(104,'Jael','Haviv','Female',370610863,'+972 54-333-5766','Petah Tiqwa','2008-04-14'),(105,'Jair','Kaplan','Male',327011294,'+972 55-267-6768','Rishon Leziyyon','2011-08-31'),(106,'Janna','Lachman','Male',313978121,'+972 58-212-7910','Dor','2008-05-04'),(107,'Jasmine','Marcus','Male',334182752,'+972 59-512-8087','Caesarea','2012-07-15'),(108,'Jemima','Nathan','Female',310794749,'+972 55-199-1872','Kefar Sava','2007-04-28'),(109,'Jered','Ovadia','Female',351738657,'+972 55-515-6414','Sedom','2006-12-20'),(110,'Jesse','Pariente','Female',376405214,'+972 55-014-2379','Akko','2005-11-11'),(111,'Jessica','Reiss','Male',306043314,'+972 55-173-8831','Caesarea','2005-07-26'),(112,'Joel','Shapira','Male',360999530,'+972 59-331-3932','Bnei Brak','2012-05-22'),(113,'Jon','Tzur','Female',363772911,'+972 55-014-4389','Ramla','2007-11-07'),(114,'Jonathan','Weiner','Male',363490265,'+972 55-329-9554','Karmiel','2008-01-22'),(115,'Jordan','Yanai','Female',380846908,'+972 55-199-3409','Karmiel','2006-06-12'),(116,'Joseph','Azulay','Male',382409319,'+972 53-185-2924','Herzliyya','2010-08-30'),(117,'Josh','Bar-Yosef','Male',380979238,'+972 55-190-4619','En Gedi','2008-06-09'),(118,'Joshua','Choen','Male',352643265,'+972 54-322-8018','Bet Shean','2012-10-24'),(119,'Josiah','David','Female',380131005,'+972 51-758-8314','Petah Tiqwa','2011-05-18'),(120,'Jozef','Dov','Male',340480826,'+972 55-177-5452','Tel Aviv Yafo','2007-05-10'),(121,'Judith','Elimelech','Male',301664660,'+972 55-310-2146','Caesarea','2010-02-16'),(122,'Judy','Friedman','Male',389591936,'+972 59-757-0599','Ramat Gan','2006-10-12'),(123,'Julian','Garty','Female',322186266,'+972 55-194-1728','Arad','2008-03-02'),(124,'Julie','Harel','Female',324546958,'+972 50-821-2110','Holon','2007-07-07'),(125,'Justin','Itzhak','Male',377642720,'+972 55-013-5487','Afula','2010-12-08'),(126,'Keren','Ben-David','Female',369597330,'+972 55-019-1025','Karmiel','2008-06-09'),(127,'Kfir','Bitton','Male',321330395,'+972 55-197-4105','Afula','2005-11-01'),(128,'Koby','Carmi','Male',300783815,'+972 55-198-3712','Elat','2009-05-08'),(129,'Koresh','Danieli','Female',303137834,'+972 55-015-6132','Qiryat Shemona','2010-01-24'),(130,'Kovi','Efrati','Male',325450577,'+972 55-173-2958','Karmiel','2007-11-29'),(131,'Lavi','Feldman','Male',388557098,'+972 54-491-2156','Rishon Leziyyon','2005-06-21'),(132,'Leah','Gabbai','Male',363691289,'+972 55-310-2827','Dimona','2007-04-01'),(133,'Lea','Hillel','Male',387406708,'+972 55-444-4782','Holon','2011-04-27'),(134,'Lea','Karmon','Female',330344530,'+972 55-012-6202','Ramat Gan','2009-02-11'),(135,'Lee','Levy','Female',331083626,'+972 59-943-5486','Jerusalem','2011-06-14'),(136,'Leib','Margalit','Male',396352262,'+972 54-395-0424','Rishon Leziyyon','2005-09-17'),(137,'Lena','Oren','Male',372852272,'+972 53-111-5748','Jerusalem','2005-11-27'),(138,'Lenny','Peleg','Female',395199845,'+972 55-194-0699','Elat','2006-04-01'),(139,'Leon','Pinto','Male',322316119,'+972 55-015-1882','Arad','2008-01-06'),(140,'Leora','Rachamim','Female',305017844,'+972 54-471-1944','Caesarea','2012-12-22'),(141,'Levi','Rafael','Male',344010350,'+972 55-277-7537','Bet Shearim','2012-11-08'),(142,'Lia','Ravid','Female',322655682,'+972 55-177-8618','Ashqelon','2012-06-01'),(143,'Lia','Shachar','Male',317711024,'+972 54-887-6587','Sedom','2012-05-18'),(144,'Liat','Shapira','Female',309620793,'+972 55-280-8598','Lod','2009-04-26'),(145,'Libby','Stern','Female',386769961,'+972 54-390-2211','Akko','2011-09-01'),(146,'Liel','Talmor','Female',380661369,'+972 55-300-7981','Holon','2012-09-21'),(147,'Lila','Vaknin','Female',350287564,'+972 55-191-5840','Nahariyya','2012-05-29'),(148,'Lilach','Weitzman','Male',319110778,'+972 55-193-5259','Haifa','2006-03-03'),(149,'Limor','Yarden','Female',347215580,'+972 55-016-8725','Kefar Sava','2011-09-14'),(150,'Lior','Alon','Female',316094536,'+972 55-725-8132','Nazareth','2009-09-21'),(151,'Liora','Arbel','Female',384459715,'+972 55-012-2871','Bet Shean','2010-03-20'),(152,'Liran','Bar-On','Female',336109216,'+972 55-191-8840','Akko','2008-04-03'),(153,'Liron','Ben-Ari','Female',340023299,'+972 55-254-1618','Givatayim','2005-01-28'),(154,'Liroy','Choen','Male',334697531,'+972 54-611-8714','Ashqelon','2010-04-01'),(155,'Lital','Cohen','Male',369740873,'+972 55-178-5168','Akko','2010-12-18'),(156,'Liv','Dagan','Male',357385177,'+972 55-010-9720','Holon','2011-03-02'),(157,'Liya','Eitan','Female',302680487,'+972 55-337-1418','Karmiel','2006-03-10'),(158,'Liza','Fridman','Female',393265387,'+972 54-522-3912','Netanya','2008-03-02'),(159,'Lotem','Gabay','Male',391952592,'+972 55-197-1739','Meron','2006-08-24'),(160,'Lotte','Haim','Male',366219908,'+972 55-229-5949','Petah Tiqwa','2010-04-08'),(161,'Luba','Itzhak','Male',330096231,'+972 55-300-0638','Qiryat Shemona','2012-03-01'),(162,'Lucy','Katzir','Female',319512244,'+972 54-774-8465','Bnei Brak','2007-12-02'),(163,'Lusi','Langer','Female',330803965,'+972 55-019-7661','Nazareth','2005-04-24'),(164,'Ma\'ayan','Levi','Male',378138970,'+972 55-010-2184','Dor','2008-04-08'),(165,'Maayan','Linder','Male',395247518,'+972 55-178-7392','Arad','2009-03-31'),(166,'Madi','Malka','Female',306985444,'+972 58-099-9270','Meron','2006-08-13'),(167,'Maia','Moshe','Female',331714831,'+972 55-011-4591','Holon','2012-10-12'),(168,'Malka','Nachmani','Female',339133395,'+972 54-429-4073','Rehovot','2007-05-12'),(169,'Maly','Ohana','Male',303106936,'+972 50-272-1658','Sedom','2008-02-10'),(170,'Mano','Oren','Male',360487929,'+972 55-333-1744','Qiryat Shemona','2007-10-19'),(171,'Maoz','Rafaeli','Female',385377162,'+972 55-019-6034','Rishon Leziyyon','2012-06-14'),(172,'Maoz','Sabag','Female',373101838,'+972 55-177-9932','Arad','2009-05-27'),(173,'Ma\'oz','Sasson','Male',323981977,'+972 51-200-4132','Rishon Leziyyon','2012-11-18'),(174,'Marcel','Shamir','Female',390808981,'+972 55-233-9133','Caesarea','2011-11-15'),(175,'Margalit','Shapira','Male',353501467,'+972 55-018-8674','Rehovot','2011-11-14'),(176,'Margot','Shavit','Male',322795579,'+972 54-625-1060','Afula','2010-01-16'),(177,'Marguerite','Shemesh','Female',363023877,'+972 55-018-7887','Haifa','2011-11-08'),(178,'Maria','Shoshan','Male',314219993,'+972 51-377-1107','Hadera','2008-04-12'),(179,'Mariam','Shoshani','Male',334986265,'+972 55-327-1218','Nazareth','2005-06-29'),(180,'Marianna','Stern','Male',385581980,'+972 54-226-5295','Ashqelon','2007-06-29'),(181,'Marie','Talmor','Female',359294385,'+972 54-920-5191','Bat Yam','2011-01-15'),(182,'Marielle','Vaknin','Female',397546072,'+972 55-010-5900','Elat','2007-02-12'),(183,'Marina','Weitzman','Female',310810540,'+972 58-075-9904','Arad','2008-10-16'),(184,'Marion','Zohar','Female',325502785,'+972 54-260-4947','Petah Tiqwa','2012-08-30'),(185,'Marisol','Arbel','Female',315531601,'+972 59-635-8097','Ashdod','2005-02-12'),(186,'Mark','Avrahami','Female',340581183,'+972 54-799-7271','Akko','2009-01-09'),(187,'Martin','Ben-Ari','Male',385642582,'+972 50-995-8877','Karmiel','2009-04-22'),(188,'Mary','Carmel','Male',308879571,'+972 54-339-6401','Dimona','2005-08-05'),(189,'Matan','Danon','Male',301436260,'+972 55-323-1843','Bet Shearim','2008-06-11'),(190,'Matanya','Eliyahu','Female',316502246,'+972 55-980-7724','Rehovot','2012-03-19'),(191,'Mateo','Ezra','Female',343460428,'+972 59-661-6934','Karmiel','2009-09-23'),(192,'Mati','Gadiel','Female',308461806,'+972 55-014-6897','Ashdod','2006-07-02'),(193,'Matilda','Gabay','Male',377256553,'+972 55-313-0836','Sedom','2005-09-18'),(194,'Mattan','Harel','Male',324998101,'+972 55-171-4424','Kefar Sava','2012-11-06'),(195,'Matthew','Itzhak','Female',375884394,'+972 55-017-5713','Lod','2010-06-12'),(196,'Maya','Karmon','Female',371948212,'+972 55-011-3676','Givatayim','2005-07-19'),(197,'Mayan','Kedar','Male',385460388,'+972 55-253-2208','Tel Aviv Yafo','2007-06-07'),(198,'Mazal','Kfir','Female',350261555,'+972 55-289-8399','Dor','2005-05-03'),(199,'Meir','Margolis','Male',350038224,'+972 54-869-8949','Ashdod','2012-07-17'),(200,'Meital','Moshe','Female',356413158,'+972 51-482-2233','Kefar Sava','2007-01-29'),(201,'Menachem','Nachmani','Female',309738250,'+972 52-201-0918','Nazareth','2009-04-02'),(202,'Mendel','Perlman','Female',316556398,'+972 59-663-8990','Afula','2007-01-13'),(203,'Merav','Rafaeli','Male',301075457,'+972 54-413-5136','Rishon Leziyyon','2010-08-31'),(204,'Merav','Sabag','Female',334565709,'+972 50-079-8281','Afula','2005-10-30'),(205,'Meshulam','Sasson','Female',369459861,'+972 55-197-9717','Netanya','2006-10-13'),(206,'Michael','Shapira','Male',378970808,'+972 55-177-7198','Sedom','2008-03-03'),(207,'Michal','Shemesh','Male',374080667,'+972 55-192-3165','Nahariyya','2011-02-16'),(208,'Michal','Shoshan','Male',395380279,'+972 55-198-0505','Akko','2006-08-05'),(209,'Michal','Shoshani','Male',333598752,'+972 55-196-7988','Ramat Gan','2012-11-25'),(210,'Michal','Stern','Female',327703226,'+972 55-014-8972','Bet Shearim','2009-09-28'),(211,'Michal','Talm','Female',324230454,'+972 55-019-0082','Ramla','2011-05-06'),(212,'Michal','Vaknin','Female',397993535,'+972 59-810-5386','Petah Tiqwa','2005-07-01'),(213,'Mickey','Weitzman','Female',332479407,'+972 55-448-0859','Bet Shean','2012-03-24'),(214,'Micky','Zohar','Female',395528132,'+972 58-655-5524','Sedom','2007-06-02'),(215,'Mika','Arbel','Female',327792759,'+972 55-171-3476','Akko','2010-08-11'),(216,'Mikael','Ben-Ari','Male',390519458,'+972 50-590-7911','Bet Shearim','2008-03-15'),(217,'Miki','Carmel','Female',318902486,'+972 55-017-7831','Beersheba','2009-12-20'),(218,'Mikhael','Danon','Male',384222392,'+972 55-013-9678','Herzliyya','2010-07-08'),(219,'Mikhal','Eliyahu','Female',390457207,'+972 55-179-9462','Herzliyya','2007-08-29'),(220,'Mila','Ezra','Male',387139133,'+972 55-015-8965','Bnei Brak','2005-06-06'),(221,'Milena','Gadiel','Male',336347721,'+972 55-264-3371','Ashqelon','2008-11-26'),(222,'Milka','Gabay','Male',396327220,'+972 55-175-9911','Hadera','2012-02-26'),(223,'Millie','Harel','Female',379127297,'+972 55-448-2521','Rishon Leziyyon','2010-02-06'),(224,'Mina','Itzhak','Female',371500902,'+972 51-485-1882','Hadera','2009-12-11'),(225,'Mira','Karmon','Male',349988800,'+972 55-170-9348','Kefar Sava','2011-08-31'),(226,'Miri','Kedar','Female',383889795,'+972 55-173-4922','Beersheba','2005-07-01'),(227,'Miriam','Kfir','Male',336311959,'+972 55-012-8820','Rishon Leziyyon','2009-08-15'),(228,'Miriama','Margolis','Male',396394660,'+972 55-173-2351','Ashqelon','2010-06-13'),(229,'Miriam','Moshe','Male',369669745,'+972 54-889-1709','Rehovot','2010-04-24'),(230,'Miriam','Nachmani','Male',384678849,'+972 55-249-0593','Dor','2005-07-01'),(231,'Miryam','Perlman','Male',384648060,'+972 55-322-5609','Bet Shean','2006-11-07'),(232,'Misha','Rafaeli','Male',392121738,'+972 54-408-8988','Beersheba','2006-08-31'),(233,'Misha','Sabag','Male',395926897,'+972 58-242-9268','Beersheba','2005-11-26'),(234,'Mishele','Sasson','Female',327349471,'+972 55-015-0004','Bat Yam','2010-01-05'),(235,'Moe','Shapira','Male',345085196,'+972 55-011-5457','Lod','2012-08-02'),(236,'Mohamad','Shemesh','Male',361422475,'+972 51-477-9593','Rishon Leziyyon','2008-01-13'),(237,'Mohamad','Shoshan','Male',358226226,'+972 55-197-8460','Bet Shearim','2008-02-17'),(238,'Mohamad','Shoshani','Male',396171627,'+972 55-249-5920','Rehovot','2012-09-05'),(239,'Mohamad','Stern','Male',361808589,'+972 51-634-5850','Ashqelon','2008-07-19'),(240,'Mohamad','Talmor','Female',358508821,'+972 55-011-2480','Hadera','2006-10-24'),(241,'Mohamad','Vaknin','Male',336809955,'+972 55-290-8027','Meron','2010-05-04'),(242,'Mohamad','Weitzman','Female',330145208,'+972 54-261-7785','Qiryat Shemona','2006-02-03'),(243,'Mohamad','Zohar','Female',380793729,'+972 55-174-1268','Sedom','2008-04-20'),(244,'Moish','Arbel','Female',329857254,'+972 55-195-1190','Beersheba','2008-12-27'),(245,'Mollie','Ben-Ari','Female',364769046,'+972 55-235-3280','Haifa','2012-05-10'),(246,'Mona','Carmel','Female',321237743,'+972 55-014-8715','Petah Tiqwa','2006-05-19'),(247,'Mor','Danon','Female',380425539,'+972 55-294-4428','Rehovot','2005-06-27'),(248,'Mordechai','Eliyahu','Male',391442589,'+972 59-836-5888','Bnei Brak','2008-07-04'),(249,'Morel','Ezra','Female',335905663,'+972 55-017-2538','Beersheba','2005-08-02'),(250,'Moria','Gadiel','Male',386821421,'+972 55-178-2042','Nahariyya','2008-01-21'),(251,'Moriah','Gabay','Female',303218867,'+972 55-012-2603','Ramat Gan','2011-10-15'),(252,'Moriel','Harel','Female',371129934,'+972 59-457-3258','Nazareth','2010-06-16'),(253,'Moriya','Itzhak','Male',375913047,'+972 51-773-3299','Holon','2010-11-07'),(254,'Moriyah','Karmon','Male',359534315,'+972 52-122-5521','Ramla','2012-08-28'),(255,'Moshe','Kedar','Female',348817737,'+972 55-193-6267','Givatayim','2006-04-17'),(256,'Moshe','Kfir','Female',316437946,'+972 55-193-4892','Afula','2009-05-20'),(257,'Moshe','Margolis','Male',361434494,'+972 54-822-9457','Arad','2006-09-05'),(258,'Moshe','Moshe','Male',307418058,'+972 51-997-9894','Elat','2008-08-17'),(259,'Moshe','Nachmani','Male',375543892,'+972 55-017-7911','Karmiel','2005-07-29'),(260,'Moshe','Perlman','Female',339924887,'+972 53-107-8309','Karmiel','2007-10-05'),(261,'Moshe','Rafaeli','Female',355210916,'+972 55-298-6433','Hadera','2007-04-19'),(262,'Moshe','Sabag','Male',377816720,'+972 55-329-6187','Beersheba','2011-05-22'),(263,'Moshe','Sasson','Female',387189580,'+972 54-820-3532','Petah Tiqwa','2010-11-06'),(264,'Motti','Shapira','Male',393966935,'+972 54-641-1072','Elat','2007-09-25'),(265,'Muhamed','Shemesh','Male',308704350,'+972 51-345-0049','Herzliyya','2011-02-13'),(266,'Muhamed','Shoshan','Male',394494088,'+972 55-174-6855','Netanya','2010-02-07'),(267,'Muhamed','Shoshani','Male',355625589,'+972 55-173-0234','Netanya','2005-03-28'),(268,'Muhamed','Stern','Female',399322409,'+972 55-267-9241','Rehovot','2006-04-29'),(269,'Muhamed','Talmor','Male',379344687,'+972 55-178-6335','Meron','2010-12-18'),(270,'Muhamed','Vaknin','Male',369574333,'+972 55-016-5526','Rishon Leziyyon','2010-11-01'),(271,'Muhamed','Weitzman','Female',307889172,'+972 55-178-4290','Jerusalem','2007-04-12'),(272,'Muhamed','Zohar','Male',325534003,'+972 55-017-2714','Givatayim','2010-11-02'),(273,'Mustafa','Arbel','Female',365758459,'+972 55-011-5688','Karmiel','2010-11-02'),(274,'Myriam','Ben-Ari','Male',342141469,'+972 51-213-7873','Elat','2010-02-21'),(275,'Nadav','Carmel','Male',308145301,'+972 54-924-0615','Rehovot','2008-09-02'),(276,'Nadine','Danon','Male',301832002,'+972 55-197-5613','Nahariyya','2006-08-02'),(277,'Nafatali','Eliyahu','Male',376758190,'+972 55-013-0408','Netanya','2010-12-02'),(278,'Nahi','Ezra','Female',392015577,'+972 55-304-9417','Haifa','2011-07-18'),(279,'Nahir','Gadiel','Female',391414264,'+972 56-055-2537','Kefar Sava','2007-06-25'),(280,'Naima','Gabay','Male',342184160,'+972 52-772-9285','Herzliyya','2008-07-05'),(281,'Nama','Harel','Female',327886801,'+972 55-016-4583','Rishon Leziyyon','2006-12-07'),(282,'Naomi','Itzhak','Male',326174427,'+972 59-626-0358','Akko','2006-04-04'),(283,'Narkis','Karmon','Male',361643075,'+972 55-018-5120','Ramat Gan','2010-06-22'),(284,'Natan','Kedar','Female',315655632,'+972 50-226-4626','Arad','2005-08-10'),(285,'Natanel','Kfir','Male',314398267,'+972 55-013-3951','Rehovot','2011-04-12'),(286,'Nathalia','Margolis','Male',339033976,'+972 54-711-3272','Lod','2008-09-14'),(287,'Nathan','Moshe','Male',353896615,'+972 55-295-7917','Nazareth','2011-01-10'),(288,'Nathanael','Nachmani','Male',353764795,'+972 51-362-9025','Lod','2010-06-30'),(289,'Nathanial','Perlman','Female',323115437,'+972 55-173-8698','Sedom','2006-07-18'),(290,'Nathaniel','Rafaeli','Female',398546453,'+972 54-113-3043','Lod','2012-10-17'),(291,'Nathaniel','Sabag','Female',370556122,'+972 50-472-2437','Ramat Gan','2009-10-02'),(292,'Nati','Sasson','Male',350763250,'+972 55-317-1916','Holon','2006-10-18'),(293,'Nava','Shapira','Female',301469019,'+972 55-012-9838','Bet Shean','2008-02-12'),(294,'Navah','Shemesh','Male',321677640,'+972 55-173-7843','Sedom','2007-07-22'),(295,'Nechama','Shoshan','Female',320818861,'+972 55-011-0284','Bnei Brak','2005-01-02'),(296,'Nechama','Shoshani','Male',312122153,'+972 55-761-2216','Givatayim','2010-12-02'),(297,'Nechama','Stern','Female',323513935,'+972 59-898-0282','Afula','2006-05-09'),(298,'Nechama','Talmor','Female',346005377,'+972 54-195-4477','Hadera','2005-03-11'),(299,'Nechama','Vaknin','Male',309154664,'+972 50-940-3002','Nazareth','2010-12-06'),(300,'Nechama','Weitzman','Female',353609508,'+972 55-228-0490','Caesarea','2012-08-18'),(301,'Nechama','Zohar','Male',391235945,'+972 55-012-1100','Givatayim','2005-04-20'),(302,'Neda','Arbel','Female',373113978,'+972 58-759-7820','Ramla','2008-03-16'),(303,'Nedaviah','Ben-Ari','Male',374352706,'+972 55-312-8232','Nahariyya','2009-10-30'),(304,'Nehama','Carmel','Male',335264239,'+972 54-274-1763','Herzliyya','2010-11-15'),(305,'Nehorai','Danon','Female',391379524,'+972 55-431-4939','Elat','2009-05-10'),(306,'Neria','Eliyahu','Female',367599565,'+972 55-010-9303','Arad','2008-08-19'),(307,'Nerya','Ezra','Male',365290137,'+972 55-433-5529','Elat','2006-10-23'),(308,'Nesia','Gadiel','Male',349058580,'+972 55-304-9502','Ramla','2008-01-24'),(309,'Netanel','Gabay','Female',355956320,'+972 58-274-7040','Dimona','2011-08-12'),(310,'Noah','Harel','Male',331099804,'+972 54-519-3882','Bat Yam','2008-09-18'),(311,'Noam','Itzhak','Male',387353914,'+972 54-642-5659','Dor','2011-03-01'),(312,'Noga','Karmon','Female',313914976,'+972 55-436-5020','Rehovot','2011-03-17'),(313,'Nuriel','Kedar','Female',395006136,'+972 51-384-8498','Afula','2009-09-29'),(314,'Nurit','Kfir','Female',313478688,'+972 55-294-4670','Nazareth','2009-08-24'),(315,'Ofek','Margolis','Female',345863471,'+972 55-320-0390','Herzliyya','2007-12-21'),(316,'Ofer','Moshe','Female',311632524,'+972 55-194-3422','Bet Shearim','2005-11-07'),(317,'Omer','Nachmani','Male',350872713,'+972 59-420-6115','Dimona','2010-07-30'),(318,'Omri','Perlman','Female',383018968,'+972 55-300-7572','Ashdod','2008-12-18'),(319,'Or','Rafaeli','Male',336166599,'+972 55-230-7632','Bet Shean','2010-01-31'),(320,'Ora','Sabag','Female',313487549,'+972 58-480-1684','Ramla','2008-01-13'),(321,'Orel','Sasson','Male',342235291,'+972 55-198-8351','Bat Yam','2008-11-22'),(322,'Orli','Shapira','Female',364617460,'+972 55-199-3315','Bnei Brak','2010-05-16'),(323,'Orna','Shemesh','Female',343493686,'+972 54-455-9023','Ashdod','2012-05-08'),(324,'Orpaz','Shoshan','Male',386677903,'+972 55-199-5162','Tel Aviv Yafo','2007-08-19'),(325,'Ortal','Shoshani','Male',344770513,'+972 53-240-9615','Arad','2009-01-17'),(326,'Osher','Stern','Male',313929431,'+972 55-010-8794','Rishon Leziyyon','2005-11-03'),(327,'Osnat','Talmor','Female',311363260,'+972 55-018-4401','Haifa','2012-03-23'),(328,'Ovadia','Vaknin','Female',394822654,'+972 55-432-0569','Ramla','2005-01-04'),(329,'Ovadiah','Weitzman','Male',346326132,'+972 55-018-8176','Bat Yam','2011-10-13'),(330,'Oved','Zohar','Female',340954718,'+972 55-193-4604','Beersheba','2012-02-12'),(331,'Oz','Arbel','Female',367928152,'+972 51-324-9022','Caesarea','2010-04-06'),(332,'Ozan','Ben-Ari','Male',316800630,'+972 55-170-4121','Arad','2009-12-03'),(333,'Ozana','Carmel','Female',307397146,'+972 55-012-1775','Holon','2012-01-24'),(334,'Ozar','Danon','Female',367964837,'+972 55-173-4787','Haifa','2011-08-25'),(335,'Ozias','Eliyahu','Female',343191810,'+972 55-567-5249','Ramla','2005-12-11'),(336,'Ozma','Ezra','Male',338206845,'+972 52-626-4817','Hadera','2010-04-27'),(337,'Ozni','Gadiel','Female',394739306,'+972 55-174-7173','Holon','2005-11-17'),(338,'Paltiel','Gabay','Male',320408274,'+972 55-177-0424','Ashqelon','2008-05-29'),(339,'Paz','Harel','Female',365237023,'+972 55-251-1812','Kefar Sava','2006-03-22'),(340,'Pazit','Itzhak','Female',315409598,'+972 51-421-0940','Hadera','2010-09-24'),(341,'Peleg','Karmon','Male',383011496,'+972 55-172-5005','Bat Yam','2005-03-20'),(342,'Peretz','Kedar','Female',375652237,'+972 54-818-8642','Meron','2011-05-10'),(343,'Perla','Kfir','Male',368239668,'+972 55-018-0950','Holon','2008-09-02'),(344,'Perry','Margolis','Male',381220856,'+972 52-272-5627','Arad','2010-06-29'),(345,'Pesach','Moshe','Female',356977195,'+972 55-018-8241','Givatayim','2006-05-23'),(346,'Pessi','Nachmani','Female',389040698,'+972 55-015-2723','Holon','2008-11-11'),(347,'Pessie','Perlman','Female',396189596,'+972 55-262-6947','Lod','2010-07-01'),(348,'Phoebe','Rafaeli','Male',364829565,'+972 59-242-6018','Givatayim','2012-08-31'),(349,'Pinchas','Sabag','Male',327687324,'+972 56-145-5244','Bat Yam','2007-09-06'),(350,'Pnina','Sasson','Male',385273558,'+972 55-015-0157','Ashqelon','2008-09-24'),(351,'Pola','Shapira','Female',346800480,'+972 52-062-7522','Ashdod','2012-03-30'),(352,'Priscilla','Shemesh','Male',349957044,'+972 51-975-2990','Akko','2010-04-02'),(353,'Rachel','Shoshan','Female',374755760,'+972 56-353-1483','Meron','2005-03-22'),(354,'Rami','Shoshani','Female',364268805,'+972 56-501-9819','Herzliyya','2009-01-16'),(355,'Ramit','Stern','Male',300474355,'+972 53-391-2006','Hadera','2007-09-20'),(356,'Ran','Talmor','Female',345743087,'+972 55-312-3836','Dor','2009-10-17'),(357,'Raphael','Vaknin','Female',301969135,'+972 55-175-3488','Rehovot','2009-11-14'),(358,'Raphaela','Weitzman','Male',353435912,'+972 55-194-3835','Ashdod','2010-09-20'),(359,'Raphi','Zohar','Male',371009979,'+972 59-494-2983','Jerusalem','2012-04-16'),(360,'Ravid','Arbel','Male',364488624,'+972 55-250-5962','Petah Tiqwa','2011-12-15'),(361,'Raz','Ben-Ari','Male',344948013,'+972 54-813-7701','Jerusalem','2008-01-30'),(362,'Razia','Carmel','Female',383564021,'+972 55-010-3348','Arad','2012-10-13'),(363,'Rea','Danon','Male',311607006,'+972 55-013-5004','Herzliyya','2009-06-19'),(364,'Rebeca','Eliyahu','Female',315946324,'+972 55-018-6176','Bat Yam','2012-05-02'),(365,'Rebecca','Ezra','Female',323691491,'+972 54-753-7219','Lod','2008-07-03'),(366,'Rechel','Gadiel','Male',387185704,'+972 50-010-3791','Arad','2011-11-21'),(367,'Reem','Gabay','Male',325065080,'+972 55-019-7303','Nazareth','2007-03-22'),(368,'Refael','Harel','Male',347301071,'+972 52-788-8523','Meron','2009-04-30'),(369,'Refaela','Itzhak','Female',340730018,'+972 55-012-1427','Lod','2009-09-19'),(370,'Regev','Karmon','Female',317530190,'+972 55-014-6430','Dimona','2008-05-27'),(371,'Reina','Kedar','Male',376956823,'+972 55-178-1114','Lod','2010-07-22'),(372,'Rena','Kfir','Male',325423095,'+972 55-194-4951','Ashdod','2010-03-31'),(373,'Renana','Margolis','Female',333797491,'+972 55-012-4115','Ramat Gan','2012-10-14'),(374,'Renen','Moshe','Male',335267760,'+972 55-255-2788','Givatayim','2009-03-27'),(375,'Reuven','Nachmani','Female',306872090,'+972 58-106-7524','Karmiel','2009-02-18'),(376,'Revital','Perlman','Male',318642234,'+972 55-018-4225','Sedom','2006-04-26'),(377,'Rifka','Rafaeli','Male',361733710,'+972 55-321-5456','Kefar Sava','2012-10-31'),(378,'Rivka','Sabag','Female',377051236,'+972 59-733-3480','Ramat Gan','2009-07-02'),(379,'Rivi','Sasson','Male',398775762,'+972 55-328-7608','Petah Tiqwa','2011-02-05'),(380,'Rizpah','Shapira','Female',359399348,'+972 55-015-8139','Netanya','2012-05-11'),(381,'Roi','Shemesh','Male',386972269,'+972 52-981-1028','Arad','2005-09-17'),(382,'Ron','Shoshan','Female',396206533,'+972 55-011-4220','Givatayim','2012-07-05'),(383,'Rona','Shoshani','Female',312732785,'+972 55-012-0519','Ramat Gan','2006-09-08'),(384,'Ronen','Stern','Male',319435753,'+972 59-683-4733','Petah Tiqwa','2011-02-22'),(385,'Roni','Talmor','Female',361533108,'+972 54-681-3421','Netanya','2008-05-08'),(386,'Ronit','Vaknin','Male',397035576,'+972 52-574-4578','Qiryat Shemona','2009-06-27'),(387,'Ronielle','Weitzman','Female',327055648,'+972 53-963-4985','Rishon Leziyyon','2012-04-12'),(388,'Ronny','Zohar','Female',385051148,'+972 55-014-3749','Dor','2008-03-15'),(389,'Rotem','Arbel','Male',363315408,'+972 55-322-1946','Ashqelon','2005-10-03'),(390,'Rubin','Ben-Ari','Female',311384053,'+972 55-011-5687','Beersheba','2007-07-08'),(391,'Ruth','Carmel','Male',320990521,'+972 56-322-5534','Ramla','2012-05-21'),(392,'Rutie','Danon','Male',303105013,'+972 55-172-0358','Holon','2007-08-28'),(393,'Saar','Eliyahu','Male',373255177,'+972 55-011-8562','Afula','2011-05-29'),(394,'Sabina','Ezra','Female',397776249,'+972 54-356-8047','Ashqelon','2010-10-14'),(395,'Sabrina','Gadiel','Male',383255840,'+972 58-585-1449','Petah Tiqwa','2010-12-06'),(396,'Sacha','Gabay','Male',381441982,'+972 55-320-9457','Hadera','2008-06-30'),(397,'Sahar','Harel','Male',318626772,'+972 55-015-4966','Afula','2005-01-13'),(398,'Sagi','Itzhak','Female',389317764,'+972 55-432-4671','Bet Shean','2011-07-31'),(399,'Saida','Karmon','Female',392496887,'+972 55-018-3778','Dor','2012-12-11'),(400,'Salomon','Kedar','Female',335584937,'+972 55-256-4161','Rehovot','2005-03-20'),(401,'Sam','Kfir','Female',313186839,'+972 54-162-8588','Qiryat Shemona','2009-09-24'),(402,'Samara','Margolis','Male',340490350,'+972 55-172-0900','Hadera','2010-02-08'),(403,'Samuel','Moshe','Male',318385117,'+972 55-017-5152','Beersheba','2007-03-05'),(404,'Sandra','Nachmani','Female',347402944,'+972 55-179-7061','Herzliyya','2009-08-16'),(405,'Sansa','Perlman','Male',377835934,'+972 55-193-5751','Meron','2012-10-21'),(406,'Sara','Rafaeli','Female',332691338,'+972 55-010-1122','Lod','2008-05-08'),(407,'Sarah','Sabag','Female',352204593,'+972 56-283-4098','Givatayim','2012-08-15'),(408,'Sarai','Sasson','Female',344440527,'+972 58-472-8121','Ramat Gan','2012-01-05'),(409,'Sarale','Shapira','Female',333046782,'+972 55-019-5778','Bat Yam','2006-05-23'),(410,'Sarina','Shemesh','Male',367696912,'+972 55-192-8289','Meron','2012-07-24');
/*!40000 ALTER TABLE `customers` ENABLE KEYS */;
UNLOCK TABLES;

--
-- Table structure for table `custsub`
--

DROP TABLE IF EXISTS `custsub`;
/*!40101 SET @saved_cs_client     = @@character_set_client */;
/*!50503 SET character_set_client = utf8mb4 */;
CREATE TABLE `custsub` (
  `CustID` int NOT NULL,
  `SubID` int NOT NULL,
  `Start_Of_Sub` date DEFAULT NULL,
  `End_Of_Sub` date DEFAULT NULL,
  KEY `CustID` (`CustID`),
  KEY `SubID` (`SubID`),
  CONSTRAINT `custsub_ibfk_1` FOREIGN KEY (`CustID`) REFERENCES `customers` (`CustID`),
  CONSTRAINT `custsub_ibfk_2` FOREIGN KEY (`SubID`) REFERENCES `subscriberstype` (`SubID`)
) ENGINE=InnoDB DEFAULT CHARSET=utf8mb4 COLLATE=utf8mb4_0900_ai_ci;
/*!40101 SET character_set_client = @saved_cs_client */;

--
-- Dumping data for table `custsub`
--

LOCK TABLES `custsub` WRITE;
/*!40000 ALTER TABLE `custsub` DISABLE KEYS */;
INSERT INTO `custsub` VALUES (1,1,'2017-01-20','2022-01-31'),(2,1,'2018-10-03','2022-10-31'),(3,2,'2018-09-28','2021-03-21'),(4,2,'2015-09-29','2022-08-18'),(5,4,'2017-11-16','2022-09-16'),(6,1,'2018-05-04','2022-11-24'),(7,2,'2020-09-15','2021-12-19'),(8,3,'2017-12-31','2021-02-22'),(9,4,'2018-11-09','2021-05-11'),(10,2,'2018-03-12','2021-09-12'),(11,2,'2019-04-05','2021-11-15'),(12,2,'2015-06-21','2022-11-29'),(13,4,'2017-10-30','2022-11-03'),(14,2,'2015-09-15','2022-01-19'),(15,4,'2018-10-05','2022-03-25'),(16,3,'2015-04-23','2022-01-11'),(17,4,'2019-04-14','2022-12-05'),(18,4,'2015-08-23','2022-05-28'),(19,4,'2016-06-05','3000-01-01'),(20,3,'2018-10-11','3000-01-01'),(21,2,'2018-06-18','3000-01-01'),(22,1,'2015-10-18','3000-01-01'),(23,1,'2017-09-03','3000-01-01'),(24,4,'2019-01-03','3000-01-01'),(25,2,'2020-01-22','3000-01-01'),(26,3,'2017-06-12','3000-01-01'),(27,4,'2019-05-06','3000-01-01'),(28,2,'2017-05-31','3000-01-01'),(29,4,'2020-09-16','3000-01-01'),(30,4,'2015-01-29','3000-01-01'),(31,1,'2020-04-04','3000-01-01'),(32,3,'2015-04-04','3000-01-01'),(33,4,'2020-07-18','3000-01-01'),(34,4,'2019-05-20','3000-01-01'),(35,3,'2017-08-27','3000-01-01'),(36,1,'2015-05-10','3000-01-01'),(37,3,'2017-10-31','3000-01-01'),(38,3,'2015-11-13','3000-01-01'),(39,2,'2020-09-25','3000-01-01'),(40,4,'2017-03-08','3000-01-01'),(41,1,'2016-01-09','3000-01-01'),(42,4,'2019-05-27','3000-01-01'),(43,1,'2020-10-06','3000-01-01'),(44,1,'2015-10-28','3000-01-01'),(45,4,'2019-03-30','3000-01-01'),(46,4,'2016-11-09','3000-01-01'),(47,3,'2020-04-16','3000-01-01'),(48,3,'2017-08-07','3000-01-01'),(49,1,'2019-03-20','3000-01-01'),(50,2,'2020-12-10','3000-01-01'),(51,1,'2016-12-26','3000-01-01'),(52,1,'2018-10-02','3000-01-01'),(53,1,'2019-03-23','3000-01-01'),(54,4,'2019-05-19','3000-01-01'),(55,2,'2019-11-29','3000-01-01'),(56,2,'2016-08-20','3000-01-01'),(57,1,'2016-05-23','3000-01-01'),(58,1,'2016-04-12','3000-01-01'),(59,1,'2015-03-07','3000-01-01'),(60,1,'2017-10-18','3000-01-01'),(61,4,'2019-12-31','3000-01-01'),(62,1,'2018-06-22','3000-01-01'),(63,3,'2017-01-14','3000-01-01'),(64,1,'2017-11-27','3000-01-01'),(65,2,'2017-12-11','3000-01-01'),(66,3,'2015-03-18','3000-01-01'),(67,2,'2015-10-22','3000-01-01'),(68,4,'2019-08-05','3000-01-01'),(69,3,'2017-10-05','3000-01-01'),(70,3,'2017-04-07','3000-01-01'),(71,3,'2018-12-06','3000-01-01'),(72,4,'2017-06-25','3000-01-01'),(73,3,'2020-07-31','3000-01-01'),(74,2,'2015-09-23','3000-01-01'),(75,1,'2018-08-30','3000-01-01'),(76,1,'2016-09-26','3000-01-01'),(77,2,'2018-01-10','3000-01-01'),(78,4,'2020-05-30','3000-01-01'),(79,3,'2017-02-23','3000-01-01'),(80,1,'2017-11-14','3000-01-01'),(81,2,'2016-02-04','3000-01-01'),(82,2,'2018-08-12','3000-01-01'),(83,3,'2020-01-25','3000-01-01'),(84,4,'2016-04-05','3000-01-01'),(85,2,'2020-10-26','3000-01-01'),(86,1,'2018-08-02','3000-01-01'),(87,3,'2016-08-10','3000-01-01'),(88,2,'2018-06-12','3000-01-01'),(89,2,'2018-06-10','3000-01-01'),(90,4,'2016-11-28','3000-01-01'),(91,1,'2017-01-27','3000-01-01'),(92,1,'2020-10-04','3000-01-01'),(93,2,'2019-02-03','3000-01-01'),(94,2,'2016-05-11','3000-01-01'),(95,2,'2018-01-16','3000-01-01'),(96,1,'2016-04-09','3000-01-01'),(97,2,'2020-08-06','3000-01-01'),(98,1,'2018-10-29','3000-01-01'),(99,1,'2016-08-28','3000-01-01'),(100,2,'2019-11-13','3000-01-01'),(101,1,'2017-08-27','3000-01-01'),(102,4,'2018-03-26','3000-01-01'),(103,1,'2016-10-12','3000-01-01'),(104,1,'2019-10-04','3000-01-01'),(105,4,'2015-09-03','3000-01-01'),(106,1,'2020-04-23','3000-01-01'),(107,4,'2016-12-24','3000-01-01'),(108,4,'2018-10-06','3000-01-01'),(109,3,'2015-08-31','3000-01-01'),(110,4,'2016-02-03','3000-01-01'),(111,4,'2019-05-19','3000-01-01'),(112,1,'2015-01-17','3000-01-01'),(113,4,'2020-02-20','3000-01-01'),(114,1,'2017-12-06','3000-01-01'),(115,1,'2019-08-24','3000-01-01'),(116,1,'2016-07-26','3000-01-01'),(117,4,'2016-08-24','3000-01-01'),(118,2,'2019-08-30','3000-01-01'),(119,4,'2015-02-18','3000-01-01'),(120,3,'2020-02-08','3000-01-01'),(121,3,'2019-11-10','3000-01-01'),(122,1,'2016-10-10','3000-01-01'),(123,3,'2017-02-03','3000-01-01'),(124,3,'2020-07-31','3000-01-01'),(125,2,'2015-11-08','3000-01-01'),(126,2,'2016-10-01','3000-01-01'),(127,1,'2020-07-02','3000-01-01'),(128,3,'2016-01-06','3000-01-01'),(129,2,'2017-02-19','3000-01-01'),(130,4,'2015-11-08','3000-01-01'),(131,3,'2018-03-06','3000-01-01'),(132,2,'2016-02-21','3000-01-01'),(133,3,'2019-09-27','3000-01-01'),(134,1,'2020-11-05','3000-01-01'),(135,3,'2015-05-24','3000-01-01'),(136,3,'2020-08-21','3000-01-01'),(137,3,'2017-08-29','3000-01-01'),(138,4,'2016-12-02','3000-01-01'),(139,4,'2016-12-19','3000-01-01'),(140,2,'2019-02-28','3000-01-01'),(141,1,'2019-07-14','3000-01-01'),(142,4,'2020-12-19','3000-01-01'),(143,2,'2017-08-03','3000-01-01'),(144,1,'2017-09-20','3000-01-01'),(145,2,'2015-11-12','3000-01-01'),(146,1,'2017-10-10','3000-01-01'),(147,2,'2019-04-23','3000-01-01'),(148,3,'2015-12-29','3000-01-01'),(149,4,'2017-09-04','3000-01-01'),(150,4,'2017-10-21','3000-01-01'),(151,1,'2017-06-10','3000-01-01'),(152,1,'2017-04-15','3000-01-01'),(153,3,'2015-08-15','3000-01-01'),(154,3,'2018-01-24','3000-01-01'),(155,2,'2017-09-04','3000-01-01'),(156,3,'2018-04-07','3000-01-01'),(157,3,'2016-10-16','3000-01-01'),(158,1,'2016-05-09','3000-01-01'),(159,2,'2018-04-18','3000-01-01'),(160,2,'2019-11-15','3000-01-01'),(161,2,'2017-01-05','3000-01-01'),(162,3,'2020-08-28','3000-01-01'),(163,1,'2018-08-23','3000-01-01'),(164,4,'2019-02-04','3000-01-01'),(165,3,'2016-09-03','3000-01-01'),(166,3,'2016-09-23','3000-01-01'),(167,2,'2020-04-20','3000-01-01'),(168,4,'2018-06-24','3000-01-01'),(169,3,'2019-10-14','3000-01-01'),(170,4,'2016-12-08','3000-01-01'),(171,3,'2018-11-09','3000-01-01'),(172,3,'2020-10-21','3000-01-01'),(173,1,'2017-06-27','3000-01-01'),(174,1,'2018-05-20','3000-01-01'),(175,4,'2019-09-20','3000-01-01'),(176,2,'2019-06-14','3000-01-01'),(177,1,'2018-06-11','3000-01-01'),(178,4,'2016-10-25','3000-01-01'),(179,1,'2018-06-19','3000-01-01'),(180,4,'2016-05-04','3000-01-01'),(181,3,'2019-06-27','3000-01-01'),(182,3,'2015-09-02','3000-01-01'),(183,3,'2015-12-04','3000-01-01'),(184,2,'2017-09-05','3000-01-01'),(185,4,'2019-07-07','3000-01-01'),(186,2,'2016-03-01','3000-01-01'),(187,1,'2018-01-08','3000-01-01'),(188,3,'2019-08-31','3000-01-01'),(189,1,'2015-04-30','3000-01-01'),(190,3,'2019-10-12','3000-01-01'),(191,4,'2020-05-21','3000-01-01'),(192,4,'2019-01-20','3000-01-01'),(193,2,'2018-04-10','3000-01-01'),(194,4,'2016-04-30','3000-01-01'),(195,1,'2019-01-10','3000-01-01'),(196,3,'2020-09-21','3000-01-01'),(197,1,'2017-06-29','3000-01-01'),(198,3,'2019-01-16','3000-01-01'),(199,4,'2016-03-08','3000-01-01'),(200,3,'2020-04-27','3000-01-01'),(201,2,'2018-04-15','3000-01-01'),(202,3,'2016-02-11','3000-01-01'),(203,4,'2019-06-21','3000-01-01'),(204,2,'2017-06-04','3000-01-01'),(205,4,'2016-08-10','3000-01-01'),(206,4,'2015-10-14','3000-01-01'),(207,1,'2018-01-02','3000-01-01'),(208,4,'2020-05-16','3000-01-01'),(209,2,'2016-06-24','3000-01-01'),(210,4,'2017-08-26','3000-01-01'),(211,3,'2018-03-16','3000-01-01'),(212,2,'2020-07-29','3000-01-01'),(213,2,'2019-02-06','3000-01-01'),(214,2,'2018-06-08','3000-01-01'),(215,1,'2015-07-15','3000-01-01'),(216,2,'2018-01-16','3000-01-01'),(217,3,'2018-07-21','3000-01-01'),(218,4,'2017-03-25','3000-01-01'),(219,2,'2019-11-07','3000-01-01'),(220,3,'2019-02-23','3000-01-01'),(221,4,'2020-12-15','3000-01-01'),(222,1,'2018-12-31','3000-01-01'),(223,4,'2016-11-19','3000-01-01'),(224,1,'2015-11-15','3000-01-01'),(225,4,'2018-05-23','3000-01-01'),(226,1,'2017-03-01','3000-01-01'),(227,1,'2018-08-01','3000-01-01'),(228,1,'2018-09-21','3000-01-01'),(229,3,'2019-06-22','3000-01-01'),(230,4,'2018-04-19','3000-01-01'),(231,2,'2016-08-15','3000-01-01'),(232,4,'2020-11-06','3000-01-01'),(233,4,'2018-05-25','3000-01-01'),(234,2,'2020-01-11','3000-01-01'),(235,4,'2019-01-05','3000-01-01'),(236,1,'2019-04-08','3000-01-01'),(237,2,'2018-03-16','3000-01-01'),(238,1,'2017-05-06','3000-01-01'),(239,3,'2020-02-07','3000-01-01'),(240,2,'2019-07-02','3000-01-01'),(241,3,'2019-12-10','3000-01-01'),(242,2,'2017-05-07','3000-01-01'),(243,4,'2017-11-07','3000-01-01'),(244,4,'2016-09-13','3000-01-01'),(245,3,'2019-03-05','3000-01-01'),(246,2,'2020-05-31','3000-01-01'),(247,2,'2017-09-23','3000-01-01'),(248,3,'2015-10-19','3000-01-01'),(249,3,'2015-04-08','3000-01-01'),(250,4,'2020-01-25','3000-01-01'),(251,2,'2017-11-03','3000-01-01'),(252,1,'2018-05-07','3000-01-01'),(253,1,'2020-01-10','3000-01-01'),(254,2,'2017-02-23','3000-01-01'),(255,1,'2019-07-25','3000-01-01'),(256,2,'2020-11-29','3000-01-01'),(257,2,'2020-09-08','3000-01-01'),(258,4,'2015-08-28','3000-01-01'),(259,1,'2017-04-14','3000-01-01'),(260,4,'2018-05-18','3000-01-01'),(261,2,'2020-01-28','3000-01-01'),(262,4,'2015-04-29','3000-01-01'),(263,2,'2018-03-24','3000-01-01'),(264,3,'2017-06-08','3000-01-01'),(265,4,'2015-06-30','3000-01-01'),(266,3,'2015-11-15','3000-01-01'),(267,1,'2016-04-03','3000-01-01'),(268,2,'2017-04-24','3000-01-01'),(269,1,'2017-09-14','3000-01-01'),(270,3,'2015-11-17','3000-01-01'),(271,2,'2017-06-12','3000-01-01'),(272,1,'2016-03-27','3000-01-01'),(273,3,'2015-06-03','3000-01-01'),(274,4,'2020-11-23','3000-01-01'),(275,3,'2018-06-21','3000-01-01'),(276,3,'2016-08-27','3000-01-01'),(277,2,'2020-05-27','3000-01-01'),(278,1,'2017-06-20','3000-01-01'),(279,2,'2020-03-26','3000-01-01'),(280,1,'2016-03-28','3000-01-01'),(281,1,'2018-10-20','3000-01-01'),(282,2,'2019-02-06','3000-01-01'),(283,1,'2016-04-20','3000-01-01'),(284,1,'2019-11-30','3000-01-01'),(285,3,'2019-02-22','3000-01-01'),(286,4,'2016-08-22','3000-01-01'),(287,2,'2017-03-22','3000-01-01'),(288,1,'2017-11-27','3000-01-01'),(289,4,'2017-07-18','3000-01-01'),(290,2,'2019-04-20','3000-01-01'),(291,3,'2019-03-23','3000-01-01'),(292,4,'2016-06-13','3000-01-01'),(293,3,'2017-02-25','3000-01-01'),(294,1,'2018-08-19','3000-01-01'),(295,2,'2016-01-23','3000-01-01'),(296,3,'2015-02-18','3000-01-01'),(297,2,'2015-10-18','3000-01-01'),(298,3,'2019-08-17','3000-01-01'),(299,4,'2018-09-03','3000-01-01'),(300,1,'2018-03-15','3000-01-01'),(301,1,'2016-08-22','3000-01-01'),(302,1,'2017-08-10','3000-01-01'),(303,4,'2018-03-30','3000-01-01'),(304,2,'2015-08-22','3000-01-01'),(305,2,'2020-09-22','3000-01-01'),(306,4,'2015-07-07','3000-01-01'),(307,3,'2015-08-10','3000-01-01'),(308,3,'2019-04-22','3000-01-01'),(309,4,'2018-10-31','3000-01-01'),(310,2,'2018-09-26','3000-01-01'),(311,2,'2016-03-12','3000-01-01'),(312,3,'2020-12-28','3000-01-01'),(313,2,'2020-10-03','3000-01-01'),(314,2,'2016-02-10','3000-01-01'),(315,3,'2019-04-08','3000-01-01'),(316,4,'2019-03-15','3000-01-01'),(317,4,'2016-05-22','3000-01-01'),(318,4,'2017-05-28','3000-01-01'),(319,1,'2017-04-11','3000-01-01'),(320,2,'2016-12-01','3000-01-01'),(321,4,'2016-10-08','3000-01-01'),(322,3,'2018-04-12','3000-01-01'),(323,2,'2017-11-15','3000-01-01'),(324,1,'2016-03-01','3000-01-01'),(325,4,'2018-01-07','3000-01-01'),(326,2,'2019-03-05','3000-01-01'),(327,1,'2016-06-29','3000-01-01'),(328,3,'2018-10-17','3000-01-01'),(329,2,'2015-01-01','3000-01-01'),(330,4,'2016-01-05','3000-01-01'),(331,2,'2016-10-03','3000-01-01'),(332,3,'2016-02-28','3000-01-01'),(333,2,'2015-01-16','3000-01-01'),(334,1,'2015-11-21','3000-01-01'),(335,3,'2015-06-20','3000-01-01'),(336,1,'2016-06-20','3000-01-01'),(337,1,'2019-06-07','3000-01-01'),(338,1,'2017-07-03','3000-01-01'),(339,1,'2016-03-18','3000-01-01'),(340,1,'2019-11-17','3000-01-01'),(341,2,'2016-11-01','3000-01-01'),(342,2,'2016-03-04','3000-01-01'),(343,1,'2019-03-19','3000-01-01'),(344,3,'2018-03-26','3000-01-01'),(345,2,'2015-09-03','3000-01-01'),(346,1,'2020-10-08','3000-01-01'),(347,2,'2017-03-07','3000-01-01'),(348,3,'2018-08-29','3000-01-01'),(349,1,'2018-07-03','3000-01-01'),(350,1,'2016-04-10','3000-01-01'),(351,4,'2019-12-21','3000-01-01'),(352,1,'2015-04-02','3000-01-01'),(353,2,'2019-06-30','3000-01-01'),(354,4,'2016-07-04','3000-01-01'),(355,4,'2019-02-24','3000-01-01'),(356,3,'2017-01-06','3000-01-01'),(357,1,'2017-04-22','3000-01-01'),(358,4,'2020-08-02','3000-01-01'),(359,4,'2018-11-15','3000-01-01'),(360,1,'2017-05-23','3000-01-01'),(361,2,'2018-02-21','3000-01-01'),(362,1,'2018-10-27','3000-01-01'),(363,2,'2019-10-27','3000-01-01'),(364,1,'2020-01-29','3000-01-01'),(365,1,'2015-07-17','3000-01-01'),(366,4,'2018-07-02','3000-01-01'),(367,2,'2017-11-06','3000-01-01'),(368,1,'2020-02-04','3000-01-01'),(369,2,'2017-05-07','3000-01-01'),(370,2,'2018-05-12','3000-01-01'),(371,2,'2016-07-28','3000-01-01'),(372,4,'2015-12-07','3000-01-01'),(373,4,'2017-02-11','3000-01-01'),(374,4,'2015-09-10','3000-01-01'),(375,4,'2016-07-11','3000-01-01'),(376,2,'2020-03-10','3000-01-01'),(377,2,'2018-09-08','3000-01-01'),(378,4,'2017-12-21','3000-01-01'),(379,1,'2019-06-20','3000-01-01'),(380,1,'2019-09-15','3000-01-01'),(381,2,'2016-01-06','3000-01-01'),(382,4,'2016-06-24','3000-01-01'),(383,1,'2015-03-16','3000-01-01'),(384,4,'2019-08-26','3000-01-01'),(385,1,'2020-05-14','3000-01-01'),(386,3,'2017-08-30','3000-01-01'),(387,1,'2017-06-22','3000-01-01'),(388,2,'2015-08-09','3000-01-01'),(389,3,'2016-01-27','3000-01-01'),(390,3,'2019-11-24','3000-01-01'),(391,4,'2017-11-21','3000-01-01'),(392,1,'2015-11-28','3000-01-01'),(393,3,'2019-01-19','3000-01-01'),(394,3,'2018-04-04','3000-01-01'),(395,4,'2015-05-21','3000-01-01'),(396,2,'2018-08-01','3000-01-01'),(397,2,'2015-08-20','3000-01-01'),(398,3,'2020-09-24','3000-01-01'),(399,1,'2019-07-21','3000-01-01'),(400,1,'2017-09-18','3000-01-01'),(401,3,'2017-04-10','3000-01-01'),(402,1,'2020-08-04','3000-01-01'),(403,4,'2016-06-28','3000-01-01'),(404,3,'2016-02-12','3000-01-01'),(405,2,'2015-10-31','3000-01-01'),(406,4,'2017-05-19','3000-01-01'),(407,4,'2018-08-21','3000-01-01'),(408,2,'2018-05-06','3000-01-01'),(409,4,'2020-12-18','3000-01-01'),(410,2,'2016-08-16','3000-01-01');
/*!40000 ALTER TABLE `custsub` ENABLE KEYS */;
UNLOCK TABLES;

--
-- Table structure for table `employee`
--

DROP TABLE IF EXISTS `employee`;
/*!40101 SET @saved_cs_client     = @@character_set_client */;
/*!50503 SET character_set_client = utf8mb4 */;
CREATE TABLE `employee` (
  `EmployeeID` int NOT NULL AUTO_INCREMENT,
  `First_Name` varchar(50) NOT NULL,
  `Last_Name` varchar(50) NOT NULL,
  `Gender` varchar(10) NOT NULL,
  `Tz` int NOT NULL,
  `Phone_Number` varchar(20) NOT NULL,
  `Job_Id` int NOT NULL,
  `Date_Of_Birth` date NOT NULL,
  `Start_Of_Work` date NOT NULL,
  `End_Of_Work` date DEFAULT NULL,
  PRIMARY KEY (`EmployeeID`),
  UNIQUE KEY `Tz` (`Tz`),
  KEY `Job_Id` (`Job_Id`),
  CONSTRAINT `employee_ibfk_1` FOREIGN KEY (`Job_Id`) REFERENCES `jobs` (`ID`)
) ENGINE=InnoDB AUTO_INCREMENT=1083 DEFAULT CHARSET=utf8mb4 COLLATE=utf8mb4_0900_ai_ci;
/*!40101 SET character_set_client = @saved_cs_client */;

--
-- Dumping data for table `employee`
--

LOCK TABLES `employee` WRITE;
/*!40000 ALTER TABLE `employee` DISABLE KEYS */;
INSERT INTO `employee` VALUES (1001,'Avi','Cohen','Male',307933552,'+972 55-015-4347',1,'1990-02-01','2015-01-01','2022-12-31'),(1002,'Sara','Levy','Female',305979045,'+972 59-745-3995',2,'1992-05-15','2016-02-15','2023-02-14'),(1003,'David','Avrahami','Male',320247252,'+972 55-016-3129',2,'1988-12-03','2017-03-01','2023-03-01'),(1004,'Rachel','Ben-David','Female',340346641,'+972 55-676-3088',2,'1995-08-10','2018-04-15','3000-01-01'),(1005,'Moshe','Cohen','Male',370379402,'+972 55-018-5332',2,'1993-04-22','2019-09-02','3000-01-01'),(1006,'Leah','Levi','Female',383395362,'+972 55-013-1382',1,'1987-11-11','2020-06-10','3000-01-01'),(1007,'Yosef','Mizrahi','Male',337345292,'+972 56-149-1835',2,'1991-09-25','2021-02-15','3000-01-01'),(1008,'Adi','Levy','Female',312003745,'+972 55-310-0264',3,'1989-07-07','2022-01-10','3000-01-01'),(1009,'Noam','Avrahami','Male',354457574,'+972 55-194-0124',1,'1994-03-18','2022-05-01','3000-01-01'),(1010,'Aviva','Ben-David','Female',369029944,'+972 52-327-0738',3,'1996-11-30','2023-01-01','3000-01-01'),(1011,'Itai','Cohen','Male',373433051,'+972 59-969-5858',3,'1993-06-12','2023-02-01','3000-01-01'),(1012,'Miriam','Levi','Female',369037328,'+972 59-375-8932',1,'1990-01-02','2015-07-02','3000-01-01'),(1013,'Yoni','Mizrahi','Male',318619743,'+972 54-839-6566',2,'1988-09-14','2023-04-01','3000-01-01'),(1014,'Rachel','Levy','Female',347128106,'+972 54-899-8268',3,'1997-05-03','2023-05-15','3000-01-01'),(1015,'Avraham','Avrahami','Male',384712876,'+972 55-295-2558',1,'1989-12-24','2023-06-01','3000-01-01'),(1016,'Shira','Ben-David','Female',327896417,'+972 55-012-6011',3,'1992-08-20','2023-07-01','3000-01-01'),(1017,'Yossi','Cohen','Male',308865826,'+972 55-552-2261',2,'1994-04-05','2023-08-01','3000-01-01'),(1018,'Dina','Levi','Female',345845052,'+972 55-192-2494',3,'1987-10-17','2023-09-01','3000-01-01'),(1019,'Yitzhak','Mizrahi','Male',378805744,'+972 55-887-9694',2,'1990-02-28','2023-10-01','3000-01-01'),(1020,'Avigail','Avrahami','Female',345201342,'+972 55-196-6064',1,'1993-11-11','2023-11-01','3000-01-01'),(1021,'Yair','Ben-David','Male',346544396,'+972 55-179-2957',3,'1988-07-03','2023-12-01','3000-01-01'),(1022,'Hadassah','Cohen','Female',363608410,'+972 54-120-8438',2,'1995-03-16','2020-01-01','3000-01-01'),(1023,'Yehuda','Levi','Male',303774730,'+972 55-017-6336',3,'1991-12-25','2020-02-01','3000-01-01'),(1024,'Naomi','Mizrahi','Female',342941452,'+972 52-956-4974',2,'1996-09-06','2017-03-01','3000-01-01'),(1025,'Moshe','Avrahami','Male',348596795,'+972 55-193-4473',3,'1993-08-02','2010-04-01','3000-01-01'),(1026,'Sara','Ben-David','Female',300581316,'+972 55-171-3344',1,'1989-05-19','2021-05-01','3000-01-01'),(1027,'Eliyahu','Cohen','Male',332710093,'+972 55-179-1078',3,'1992-01-30','2022-06-01','3000-01-01'),(1028,'Hila','Levi','Female',395959711,'+972 51-295-5853',3,'1986-09-12','2021-07-01','3000-01-01'),(1029,'Yosef','Mizrahi','Male',348785148,'+972 55-012-0866',3,'1994-03-24','2021-08-01','3000-01-01'),(1030,'Tamar','Avrahami','Female',335640322,'+972 52-141-5950',1,'1990-11-07','2022-09-01','3000-01-01'),(1031,'Itamar','Ben-David','Male',351321127,'+972 55-191-9505',1,'1996-07-14','2019-10-01','3000-01-01'),(1032,'Batya','Cohen','Female',356500295,'+972 55-174-2383',2,'1999-02-10','2019-11-01','3000-01-01'),(1033,'Yonatan','Levi','Male',365885694,'+972 55-197-7831',2,'1988-10-22','2018-12-01','3000-01-01'),(1034,'Chana','Mizrahi','Female',316128325,'+972 55-171-6879',3,'1993-06-05','2019-01-01','3000-01-01'),(1035,'David','Avrahami','Male',378080264,'+972 54-573-0173',3,'1987-12-18','2019-02-01','3000-01-01'),(1036,'Aliza','Ben-David','Female',396155343,'+972 55-314-8194',2,'1991-09-01','2019-03-01','3000-01-01'),(1037,'Noam','Cohen','Male',369471770,'+972 55-171-3126',2,'1990-01-23','2021-04-15','3000-01-01'),(1038,'Adi','Levi','Female',368059020,'+972 55-174-5427',1,'1992-03-11','2022-05-01','3000-01-01'),(1039,'Tomer','Avrahami','Male',308700874,'+972 55-010-6257',3,'1994-05-09','2022-06-13','3000-01-01'),(1040,'Liron','Mizrahi','Female',361475032,'+972 54-122-8145',2,'1988-07-14','2021-07-20','3000-01-01'),(1041,'Omer','Ben-David','Male',311755067,'+972 55-175-6553',1,'1996-09-22','2022-08-08','3000-01-01'),(1042,'Michal','Cohen','Female',332239569,'+972 55-018-5344',3,'1987-11-03','2021-09-10','3000-01-01'),(1043,'David','Levi','Male',389189624,'+972 55-434-1046',2,'1989-12-11','2022-10-15','3000-01-01'),(1044,'Rachel','Avrahami','Female',321747601,'+972 55-248-6019',1,'1991-02-14','2022-11-20','3000-01-01'),(1045,'Yossi','Mizrahi','Male',354577660,'+972 55-191-3316',2,'1993-04-06','2023-01-05','3000-01-01'),(1046,'Maya','Cohen','Female',361225910,'+972 54-317-2909',1,'1995-06-07','2023-02-10','3000-01-01'),(1047,'Ron','Levi','Male',387659579,'+972 55-191-7131',3,'1988-08-08','2023-03-15','3000-01-01'),(1048,'Dana','Avrahami','Female',311791987,'+972 51-702-3797',2,'1990-09-16','2023-04-20','3000-01-01'),(1049,'Amir','Mizrahi','Male',393173964,'+972 55-339-8652',1,'1992-11-18','2017-05-25','3000-01-01'),(1050,'Tali','Cohen','Female',351884471,'+972 55-179-7406',2,'1987-05-02','2018-11-05','2021-06-10'),(1051,'Yossi','Levi','Male',350669309,'+972 56-576-0014',3,'1984-09-14','2019-01-01','2022-03-22'),(1052,'Rina','Avraham','Female',312007878,'+972 55-250-5391',1,'1989-12-10','2019-03-05','2022-01-11'),(1053,'Erez','Mizrahi','Male',361175739,'+972 55-230-0524',2,'1993-02-14','2019-05-01','2023-03-15'),(1054,'Hila','Shabtai','Female',380049401,'+972 55-016-3946',1,'1982-07-22','2019-08-01','2022-10-30'),(1055,'Ofer','Cohen','Male',347361948,'+972 55-430-9949',2,'1985-04-17','2020-02-01','2023-01-01'),(1056,'Liat','Ben Shoshan','Female',388666397,'+972 55-258-6813',3,'1990-11-11','2020-07-01','2022-08-15'),(1057,'Avi','Davidi','Male',306617539,'+972 55-231-4868',1,'1988-06-24','2020-11-01','2023-02-10'),(1058,'Lior','Malka','Male',387303942,'+972 55-241-3166',2,'1991-09-19','2021-02-01','2022-09-22'),(1059,'Noa','Biton','Female',305468005,'+972 55-013-2881',3,'1986-12-05','2021-05-01','2022-11-10'),(1060,'Avigail','Cohen','Female',356198414,'+972 55-019-5184',1,'1990-04-22','2018-06-10','3000-01-01'),(1061,'Itay','Levy','Male',350822441,'+972 55-277-2903',2,'1985-11-08','2022-08-20','3000-01-01'),(1062,'Noam','Biton','Male',319932481,'+972 53-601-5443',1,'1993-02-14','2019-03-01','3000-01-01'),(1063,'Tamar','Mizrahi','Female',339354012,'+972 54-105-5668',2,'1982-07-19','2018-08-05','3000-01-01'),(1064,'Shimon','Cohen','Male',383204135,'+972 54-536-5891',3,'1978-12-31','2020-02-15','2023-01-01'),(1065,'Lior','Levy','Male',313017871,'+972 51-301-1972',1,'1995-09-03','2019-04-20','3000-01-01'),(1066,'Omer','Sasson','Male',388325625,'+972 50-361-9407',2,'1991-06-18','2022-09-01','3000-01-01'),(1067,'Neta','Cohen','Female',332285423,'+972 55-244-1798',1,'1989-01-22','2021-03-10','3000-01-01'),(1068,'Barak','Levy','Male',326871594,'+972 55-014-1967',2,'1987-04-18','2022-06-01','3000-01-01'),(1069,'Lior','Biton','Female',355464640,'+972 55-018-1838',3,'1994-11-08','2020-08-01','2022-12-31'),(1070,'Yael','Mizrahi','Female',342090331,'+972 59-520-9356',1,'1990-03-15','2018-07-01','3000-01-01'),(1071,'Adi','Cohen','Male',321874437,'+972 55-019-2197',2,'1988-06-12','2018-07-01','3000-01-01'),(1072,'Adina','Bar','Female',302525486,'+972 55-019-4690',2,'1992-05-04','2022-01-05','3000-01-01'),(1073,'Barak','Cohen','Male',325520336,'+972 52-220-8656',3,'1988-12-08','2022-06-25','3000-01-01'),(1074,'Chava','David','Female',353501281,'+972 54-149-8786',1,'1990-09-14','2022-05-16','3000-01-01'),(1075,'David','Eitan','Male',347418219,'+972 51-359-7838',2,'1995-06-17','2022-07-18','3000-01-01'),(1076,'Esther','Fishman','Female',353096071,'+972 54-303-8216',3,'1993-03-11','2022-03-28','3000-01-01'),(1077,'Frimet','Golan','Female',334358021,'+972 51-638-1752',1,'1991-02-19','2022-08-08','3000-01-01'),(1078,'Gavriel','Harel','Male',315377925,'+972 55-014-0208',2,'1987-11-22','2022-04-07','3000-01-01'),(1079,'Hadassah','Itzhaki','Female',329309484,'+972 55-193-6155',3,'1996-10-25','2022-09-19','3000-01-01'),(1080,'Itamar','Jakobovits','Male',333506447,'+972 50-621-3410',1,'1994-07-28','2022-02-12','3000-01-01'),(1081,'Josef','Kadosh','Male',316280033,'+972 55-286-8658',2,'1990-04-02','2022-12-02','3000-01-01'),(1082,'Keren','Lavi','Female',356852658,'+972 55-276-3577',3,'1988-01-18','2022-10-22','3000-01-01');
/*!40000 ALTER TABLE `employee` ENABLE KEYS */;
UNLOCK TABLES;

--
-- Table structure for table `groupofplayers`
--

DROP TABLE IF EXISTS `groupofplayers`;
/*!40101 SET @saved_cs_client     = @@character_set_client */;
/*!50503 SET character_set_client = utf8mb4 */;
CREATE TABLE `groupofplayers` (
  `ID` int NOT NULL,
  `Id_GroupLevel` int DEFAULT NULL,
  `Group_Name` varchar(50) DEFAULT NULL,
  PRIMARY KEY (`ID`),
  KEY `Id_GroupLevel` (`Id_GroupLevel`),
  CONSTRAINT `groupofplayers_ibfk_1` FOREIGN KEY (`Id_GroupLevel`) REFERENCES `grouptype` (`Id_GroupLevel`)
) ENGINE=InnoDB DEFAULT CHARSET=utf8mb4 COLLATE=utf8mb4_0900_ai_ci;
/*!40101 SET character_set_client = @saved_cs_client */;

--
-- Dumping data for table `groupofplayers`
--

LOCK TABLES `groupofplayers` WRITE;
/*!40000 ALTER TABLE `groupofplayers` DISABLE KEYS */;
INSERT INTO `groupofplayers` VALUES (1,2,'The Racketeers'),(2,4,'The Little Aces'),(3,4,'The Junior Ninjas'),(4,9,'The Future Federers'),(5,2,'The Net Crushers'),(6,7,'The Racquet Rangers'),(7,6,'The Little Giants'),(8,1,'The Topspin Titans'),(9,4,'The Junior Jets'),(10,8,'The Tennis Tornadoes'),(11,6,'The Smash Squad'),(12,7,'The Court Kings'),(13,8,'The Mini Mavericks'),(14,1,'The Junior Jesters'),(15,6,'The Ace Attorneys'),(16,2,'The Volley Vixens'),(17,5,'The Slice Squad'),(18,2,'The Junior Jaguars'),(19,7,'The Tennis Titans'),(20,3,'The Baseline Blazers'),(21,2,'The Little Legends'),(22,2,'The Service Stars'),(23,6,'The Match Makers'),(24,5,'The Junior Giants'),(25,1,'The Court Crusaders');
/*!40000 ALTER TABLE `groupofplayers` ENABLE KEYS */;
UNLOCK TABLES;

--
-- Table structure for table `grouptype`
--

DROP TABLE IF EXISTS `grouptype`;
/*!40101 SET @saved_cs_client     = @@character_set_client */;
/*!50503 SET character_set_client = utf8mb4 */;
CREATE TABLE `grouptype` (
  `Id_GroupLevel` int NOT NULL,
  `Group_Description` varchar(255) DEFAULT NULL,
  PRIMARY KEY (`Id_GroupLevel`)
) ENGINE=InnoDB DEFAULT CHARSET=utf8mb4 COLLATE=utf8mb4_0900_ai_ci;
/*!40101 SET character_set_client = @saved_cs_client */;

--
-- Dumping data for table `grouptype`
--

LOCK TABLES `grouptype` WRITE;
/*!40000 ALTER TABLE `grouptype` DISABLE KEYS */;
INSERT INTO `grouptype` VALUES (1,'Beginers'),(2,'Beginers'),(3,'Beginers'),(4,'Beginers'),(5,'Advanced'),(6,'Advanced'),(7,'Advanced'),(8,'Competitive'),(9,'Competitive');
/*!40000 ALTER TABLE `grouptype` ENABLE KEYS */;
UNLOCK TABLES;

--
-- Table structure for table `jobs`
--

DROP TABLE IF EXISTS `jobs`;
/*!40101 SET @saved_cs_client     = @@character_set_client */;
/*!50503 SET character_set_client = utf8mb4 */;
CREATE TABLE `jobs` (
  `ID` int NOT NULL AUTO_INCREMENT,
  `Job` varchar(50) NOT NULL,
  `Remark` varchar(255) DEFAULT NULL,
  PRIMARY KEY (`ID`)
) ENGINE=InnoDB AUTO_INCREMENT=4 DEFAULT CHARSET=utf8mb4 COLLATE=utf8mb4_0900_ai_ci;
/*!40101 SET character_set_client = @saved_cs_client */;

--
-- Dumping data for table `jobs`
--

LOCK TABLES `jobs` WRITE;
/*!40000 ALTER TABLE `jobs` DISABLE KEYS */;
INSERT INTO `jobs` VALUES (1,'Manger','The role of a sports center manager is to ensure compliance with applicable regulations, laws, and policies.'),(2,'Secretary','The role of the secretary is to register the clients and manage the funds coming to the center'),(3,'Coach','The role of the coach is to train the teams.');
/*!40000 ALTER TABLE `jobs` ENABLE KEYS */;
UNLOCK TABLES;

--
-- Table structure for table `subscriberstype`
--

DROP TABLE IF EXISTS `subscriberstype`;
/*!40101 SET @saved_cs_client     = @@character_set_client */;
/*!50503 SET character_set_client = utf8mb4 */;
CREATE TABLE `subscriberstype` (
  `SubID` int NOT NULL,
  `Sub_Name` varchar(50) NOT NULL,
  `Price` decimal(10,2) NOT NULL,
  `Sub_Description` varchar(255) DEFAULT NULL,
  PRIMARY KEY (`SubID`)
) ENGINE=InnoDB DEFAULT CHARSET=utf8mb4 COLLATE=utf8mb4_0900_ai_ci;
/*!40101 SET character_set_client = @saved_cs_client */;

--
-- Dumping data for table `subscriberstype`
--

LOCK TABLES `subscriberstype` WRITE;
/*!40000 ALTER TABLE `subscriberstype` DISABLE KEYS */;
INSERT INTO `subscriberstype` VALUES (1,'Bronze',100.00,'This subscription grants free entry to the complex and choice of training day per week.'),(2,'Silver',130.00,'This subscription grants free entry to the complex and the choice of two training days per week.'),(3,'Gold',150.00,'This subscription grants free entry to the complex and the choice of three training days per week.'),(4,'Premium',200.00,'This subscription gives free entry to the complex and the possibility to participate whenever the customer wants during the whole week.');
/*!40000 ALTER TABLE `subscriberstype` ENABLE KEYS */;
UNLOCK TABLES;

--
-- Table structure for table `trainers_group`
--

DROP TABLE IF EXISTS `trainers_group`;
/*!40101 SET @saved_cs_client     = @@character_set_client */;
/*!50503 SET character_set_client = utf8mb4 */;
CREATE TABLE `trainers_group` (
  `ID` int NOT NULL,
  `GroupID` int NOT NULL,
  `CustID` int NOT NULL,
  PRIMARY KEY (`ID`),
  KEY `GroupID` (`GroupID`),
  KEY `CustID` (`CustID`),
  CONSTRAINT `trainers_group_ibfk_1` FOREIGN KEY (`GroupID`) REFERENCES `groupofplayers` (`ID`),
  CONSTRAINT `trainers_group_ibfk_2` FOREIGN KEY (`CustID`) REFERENCES `customers` (`CustID`)
) ENGINE=InnoDB DEFAULT CHARSET=utf8mb4 COLLATE=utf8mb4_0900_ai_ci;
/*!40101 SET character_set_client = @saved_cs_client */;

--
-- Dumping data for table `trainers_group`
--

LOCK TABLES `trainers_group` WRITE;
/*!40000 ALTER TABLE `trainers_group` DISABLE KEYS */;
INSERT INTO `trainers_group` VALUES (1,1,322),(2,13,142),(3,1,153),(4,20,234),(5,14,260),(6,7,299),(7,24,162),(8,5,99),(9,24,389),(10,3,193),(11,6,387),(12,16,5),(13,16,75),(14,6,277),(15,16,182),(16,21,262),(17,17,254),(18,16,157),(19,17,114),(20,13,326),(21,5,258),(22,24,168),(23,20,31),(24,6,385),(25,11,324),(26,4,100),(27,2,331),(28,20,176),(29,12,400),(30,8,71),(31,14,61),(32,5,355),(33,15,90),(34,7,89),(35,14,106),(36,5,363),(37,18,315),(38,25,386),(39,9,309),(40,25,171),(41,23,64),(42,2,231),(43,8,20),(44,15,88),(45,4,224),(46,2,278),(47,8,46),(48,13,97),(49,12,236),(50,12,66),(51,23,266),(52,14,85),(53,1,368),(54,10,281),(55,7,45),(56,5,155),(57,7,191),(58,4,332),(59,10,279),(60,22,259),(61,14,396),(62,9,40),(63,10,125),(64,14,33),(65,20,225),(66,6,283),(67,8,73),(68,12,358),(69,14,122),(70,24,230),(71,1,57),(72,25,319),(73,5,92),(74,14,210),(75,17,84),(76,17,67),(77,5,14),(78,10,179),(79,12,130),(80,22,188),(81,20,289),(82,18,391),(83,13,198),(84,12,23),(85,17,2),(86,23,257),(87,6,360),(88,24,15),(89,14,22),(90,15,246),(91,24,165),(92,8,78),(93,1,334),(94,3,62),(95,18,112),(96,12,77);
/*!40000 ALTER TABLE `trainers_group` ENABLE KEYS */;
UNLOCK TABLES;

--
-- Table structure for table `training`
--

DROP TABLE IF EXISTS `training`;
/*!40101 SET @saved_cs_client     = @@character_set_client */;
/*!50503 SET character_set_client = utf8mb4 */;
CREATE TABLE `training` (
  `Id_Training` int NOT NULL,
  `Id_Coach` int NOT NULL,
  `GroupID` int NOT NULL,
  `CourtID` int NOT NULL,
  `DateOfTraining` date DEFAULT NULL,
  `Start_Of_Training` time DEFAULT NULL,
  `End_Of_Training` time DEFAULT NULL,
  `Remark` varchar(255) DEFAULT NULL,
  PRIMARY KEY (`Id_Training`),
  KEY `Id_Coach` (`Id_Coach`),
  KEY `GroupID` (`GroupID`),
  KEY `CourtID` (`CourtID`),
  CONSTRAINT `training_ibfk_1` FOREIGN KEY (`Id_Coach`) REFERENCES `employee` (`EmployeeID`),
  CONSTRAINT `training_ibfk_2` FOREIGN KEY (`GroupID`) REFERENCES `groupofplayers` (`ID`),
  CONSTRAINT `training_ibfk_3` FOREIGN KEY (`CourtID`) REFERENCES `courts` (`CourtID`)
) ENGINE=InnoDB DEFAULT CHARSET=utf8mb4 COLLATE=utf8mb4_0900_ai_ci;
/*!40101 SET character_set_client = @saved_cs_client */;

--
-- Dumping data for table `training`
--

LOCK TABLES `training` WRITE;
/*!40000 ALTER TABLE `training` DISABLE KEYS */;
INSERT INTO `training` VALUES (1,1002,2,20,'2020-08-22','22:05:00','23:35:00','No training notes'),(2,1022,10,11,'2022-01-13','18:07:00','19:37:00','No training notes'),(3,1003,1,2,'2020-10-13','17:14:00','18:44:00','No training notes'),(4,1004,3,3,'2022-08-12','18:00:00','19:30:00','The net of the court was torn'),(5,1071,5,10,'2020-12-08','14:28:00','15:58:00','No training notes'),(6,1045,4,3,'2022-04-18','20:29:00','21:59:00','No training notes'),(7,1061,17,5,'2021-11-02','13:05:00','14:35:00','No training notes'),(8,1071,5,2,'2020-04-09','20:29:00','21:59:00','No training notes'),(9,1078,6,10,'2020-10-31','14:12:00','15:42:00','No training notes'),(10,1081,25,16,'2020-05-28','12:21:00','13:51:00','No training notes'),(11,1002,2,10,'2021-08-01','12:17:00','13:47:00','No training notes'),(12,1005,8,6,'2022-10-22','14:43:00','16:13:00','No training notes'),(13,1007,20,1,'2022-04-06','11:56:00','13:26:00','No training notes'),(14,1019,21,2,'2021-10-01','20:27:00','21:57:00','No training notes'),(15,1022,10,13,'2021-11-18','14:18:00','15:48:00','No training notes'),(16,1017,18,12,'2020-11-12','10:40:00','12:10:00','No training notes'),(17,1005,8,6,'2021-01-02','21:29:00','22:59:00','No training notes'),(18,1071,5,5,'2022-07-11','17:07:00','18:37:00','The court is damaged by the rain'),(19,1068,9,17,'2022-03-05','21:42:00','23:12:00','No training notes'),(20,1066,11,12,'2020-08-29','21:06:00','22:36:00','No training notes'),(21,1061,17,12,'2021-12-26','12:53:00','14:23:00','No training notes'),(22,1063,22,8,'2020-05-24','16:27:00','17:57:00','No training notes'),(23,1072,23,15,'2020-03-26','14:12:00','15:42:00','The gate of the court was broken'),(24,1048,15,11,'2021-04-11','11:32:00','13:02:00','No training notes'),(25,1033,14,9,'2021-08-06','21:47:00','23:17:00','No training notes');
/*!40000 ALTER TABLE `training` ENABLE KEYS */;
UNLOCK TABLES;

--
-- Table structure for table `type_of_court`
--

DROP TABLE IF EXISTS `type_of_court`;
/*!40101 SET @saved_cs_client     = @@character_set_client */;
/*!50503 SET character_set_client = utf8mb4 */;
CREATE TABLE `type_of_court` (
  `ID` int NOT NULL AUTO_INCREMENT,
  `Type_Court` varchar(50) NOT NULL,
  PRIMARY KEY (`ID`)
) ENGINE=InnoDB AUTO_INCREMENT=4 DEFAULT CHARSET=utf8mb4 COLLATE=utf8mb4_0900_ai_ci;
/*!40101 SET character_set_client = @saved_cs_client */;

--
-- Dumping data for table `type_of_court`
--

LOCK TABLES `type_of_court` WRITE;
/*!40000 ALTER TABLE `type_of_court` DISABLE KEYS */;
INSERT INTO `type_of_court` VALUES (1,'Concrete'),(2,'Clay'),(3,'Grass');
/*!40000 ALTER TABLE `type_of_court` ENABLE KEYS */;
UNLOCK TABLES;

--
-- Dumping events for database 'finalproject2023'
--

--
-- Dumping routines for database 'finalproject2023'
--
/*!50003 DROP FUNCTION IF EXISTS `GetCustomerSubscription` */;
/*!50003 SET @saved_cs_client      = @@character_set_client */ ;
/*!50003 SET @saved_cs_results     = @@character_set_results */ ;
/*!50003 SET @saved_col_connection = @@collation_connection */ ;
/*!50003 SET character_set_client  = utf8mb4 */ ;
/*!50003 SET character_set_results = utf8mb4 */ ;
/*!50003 SET collation_connection  = utf8mb4_0900_ai_ci */ ;
/*!50003 SET @saved_sql_mode       = @@sql_mode */ ;
/*!50003 SET sql_mode              = 'STRICT_TRANS_TABLES,NO_ENGINE_SUBSTITUTION' */ ;
DELIMITER ;;
CREATE DEFINER=`root`@`localhost` FUNCTION `GetCustomerSubscription`(
    Tz INT
) RETURNS varchar(255) CHARSET utf8mb4
    READS SQL DATA
    DETERMINISTIC
BEGIN
    DECLARE first_name VARCHAR(50);
    DECLARE last_name VARCHAR(50);
    DECLARE sub_name VARCHAR(50);
    DECLARE sub_price DECIMAL(10, 2);
    DECLARE sub_start_date DATE;
    DECLARE sub_end_date DATE;

    SELECT customers.First_Name, customers.Last_Name, SubscribersType.Sub_Name, SubscribersType.Price, CustSub.Start_Of_Sub, CustSub.End_Of_Sub
    INTO first_name, last_name, sub_name, sub_price, sub_start_date, sub_end_date
    FROM SubscribersType
    JOIN CustSub ON SubscribersType.SubID = CustSub.SubID
    JOIN Customers ON CustSub.CustID = Customers.CustID
    WHERE Customers.Tz = Tz AND CURDATE() BETWEEN CustSub.Start_Of_Sub AND CustSub.End_Of_Sub;

    IF sub_name IS NULL THEN
        RETURN CONCAT('Customer with ID card (TZ) ', CAST(Tz AS CHAR), ' does not have an active subscription.');
    ELSEIF sub_end_date = '3000-01-01' THEN
        RETURN CONCAT('Customer with ID card (TZ) ', CAST(Tz AS CHAR), ' is subscribed to ', sub_name, ' for $', CAST(sub_price AS CHAR), ' per month, starting on ', CAST(sub_start_date AS CHAR), ' with no end date.');
    END IF;
END ;;
DELIMITER ;
/*!50003 SET sql_mode              = @saved_sql_mode */ ;
/*!50003 SET character_set_client  = @saved_cs_client */ ;
/*!50003 SET character_set_results = @saved_cs_results */ ;
/*!50003 SET collation_connection  = @saved_col_connection */ ;
/*!50003 DROP FUNCTION IF EXISTS `GetEmployeeSummary` */;
/*!50003 SET @saved_cs_client      = @@character_set_client */ ;
/*!50003 SET @saved_cs_results     = @@character_set_results */ ;
/*!50003 SET @saved_col_connection = @@collation_connection */ ;
/*!50003 SET character_set_client  = utf8mb4 */ ;
/*!50003 SET character_set_results = utf8mb4 */ ;
/*!50003 SET collation_connection  = utf8mb4_0900_ai_ci */ ;
/*!50003 SET @saved_sql_mode       = @@sql_mode */ ;
/*!50003 SET sql_mode              = 'STRICT_TRANS_TABLES,NO_ENGINE_SUBSTITUTION' */ ;
DELIMITER ;;
CREATE DEFINER=`root`@`localhost` FUNCTION `GetEmployeeSummary`(TZNum INT) RETURNS varchar(255) CHARSET utf8mb4
    DETERMINISTIC
BEGIN
    DECLARE result VARCHAR(255);

    SELECT CONCAT(First_Name, ' ', Last_Name, ', Gender: ', Gender,
		', Phone Number: ', Phone_Number, ', Job: ', Job, ', Date of Birth: ',
				Date_Of_Birth, ', Start of Work: ', Start_Of_Work, ', End of Work: ',End_Of_Work)
    INTO result
    FROM Employee
    JOIN jobs ON Employee.Job_Id = jobs.ID
    WHERE Tz = TZNum;
    
    RETURN result;
END ;;
DELIMITER ;
/*!50003 SET sql_mode              = @saved_sql_mode */ ;
/*!50003 SET character_set_client  = @saved_cs_client */ ;
/*!50003 SET character_set_results = @saved_cs_results */ ;
/*!50003 SET collation_connection  = @saved_col_connection */ ;
/*!40103 SET TIME_ZONE=@OLD_TIME_ZONE */;

/*!40101 SET SQL_MODE=@OLD_SQL_MODE */;
/*!40014 SET FOREIGN_KEY_CHECKS=@OLD_FOREIGN_KEY_CHECKS */;
/*!40014 SET UNIQUE_CHECKS=@OLD_UNIQUE_CHECKS */;
/*!40101 SET CHARACTER_SET_CLIENT=@OLD_CHARACTER_SET_CLIENT */;
/*!40101 SET CHARACTER_SET_RESULTS=@OLD_CHARACTER_SET_RESULTS */;
/*!40101 SET COLLATION_CONNECTION=@OLD_COLLATION_CONNECTION */;
/*!40111 SET SQL_NOTES=@OLD_SQL_NOTES */;

-- Dump completed on 2023-07-15 14:23:58
